DATE,DB,WB,Hour,Minute,Day,Weekend,Utility Subtotal,Scored Labels
3/18/2017 11:00:00 PM,36,33,23,1380,7,1,455.6000061,447.264801025391
12/5/2017 7:00:00 AM,53,49,7,420,3,0,300.1207275,251.502990722656
3/1/2017 8:00:00 PM,67,58,20,1200,4,0,366.3999939,404.352996826172
4/8/2017 3:00:00 PM,55,41,15,900,7,1,300.625,308.040893554688
7/16/2017 12:00:00 PM,84,69,12,720,1,1,809.5501099,804.577880859375
12/2/2017 1:00:00 PM,47,40,13,780,7,1,334.4293213,337.370025634766
11/24/2017 12:00:00 AM,37,31,0,0,6,0,259.8533325,286.375152587891
1/20/2017 11:00:00 PM,41,41,23,1380,6,0,285.7250061,266.717163085938
12/3/2017 10:00:00 PM,45,42,22,1320,1,1,318.4256287,302.936553955078
6/28/2017 5:00:00 AM,62,56,5,300,4,0,405.8999939,419.737609863281
7/3/2017 9:00:00 AM,81,67,9,540,2,0,673.7666626,644.904541015625
6/17/2017 9:00:00 AM,71,67,9,540,7,1,382.2999878,402.333801269531
10/12/2017 8:00:00 AM,57,55,8,480,5,0,398.2999878,403.193695068359
4/16/2017 10:00:00 AM,77,64,10,600,1,1,318.2000122,493.628570556641
1/15/2017 4:00:00 PM,38,32,16,960,1,1,250.875,243.238693237305
9/29/2017 4:00:00 AM,56,50,4,240,6,0,341.8999939,346.442138671875
8/30/2017 11:00:00 AM,73,61,11,660,4,0,650.5999756,644.238586425781
11/19/2017 8:00:00 AM,56,52,8,480,1,1,242.3000031,302.182006835938
11/21/2017 9:00:00 AM,47,41,9,540,3,0,326.7090149,357.590698242188
8/15/2017 7:00:00 AM,69,68,7,420,3,0,648.2000122,633.169189453125
4/4/2017 1:00:00 PM,46,46,13,780,3,0,430.2749939,537.763916015625
8/16/2017 9:00:00 PM,78,67,21,1260,4,0,700.5999756,703.2412109375
6/7/2017 9:00:00 AM,58,53,9,540,4,0,554.5999756,511.945159912109
3/20/2017 11:00:00 PM,45,36,23,1380,2,0,484.0249939,455.771942138672
8/3/2017 8:00:00 PM,78,70,20,1200,5,0,750,721.997436523438
5/28/2017 4:00:00 AM,59,58,4,240,1,1,288.3999939,292.312591552734
6/13/2017 8:00:00 PM,88,73,20,1200,3,0,556,649.186096191406
5/25/2017 8:00:00 PM,57,56,20,1200,5,0,324.2000122,332.373168945313
11/13/2017 12:00:00 AM,43,37,0,0,2,0,309,272.807037353516
5/17/2017 3:00:00 AM,66,56,3,180,4,0,384.1172485,364.042602539063
9/9/2017 10:00:00 PM,59,54,22,1320,7,1,382.1000061,384.846710205078
5/29/2017 7:00:00 PM,57,55,19,1140,2,0,291.7999878,291.404907226563
12/6/2017 11:00:00 AM,41,33,11,660,4,0,358.1720276,361.24951171875
11/23/2017 10:00:00 PM,38,32,22,1320,5,0,256.006012,245.125839233398
7/14/2017 10:00:00 AM,66,65,10,600,6,0,774.5356445,708.024169921875
8/14/2017 11:00:00 PM,74,69,23,1380,2,0,741.9000244,703.686584472656
11/28/2017 11:00:00 PM,52,48,23,1380,3,0,323.3502197,315.121704101563
4/1/2017 10:00:00 AM,41,38,10,600,7,1,506.1000061,529.138793945313
5/4/2017 9:00:00 AM,56,46,9,540,5,0,451.2999878,449.828063964844
8/4/2017 12:00:00 AM,75,69,0,0,6,0,725.5,725.575927734375
4/2/2017 8:00:00 AM,44,39,8,480,1,1,480.8500061,473.870880126953
9/3/2017 11:00:00 PM,65,61,23,1380,1,1,559.75,555.017395019531
3/3/2017 11:00:00 PM,25,19,23,1380,6,0,310.7000122,314.674407958984
5/22/2017 8:00:00 AM,55,53,8,480,2,0,333.9059143,334.977233886719
3/2/2017 12:00:00 AM,64,56,0,0,5,0,345.4249878,322.809051513672
11/14/2017 10:00:00 AM,42,38,10,600,3,0,323.2999878,338.738128662109
1/30/2017 11:00:00 AM,34,27,11,660,2,0,212.625,352.576965332031
10/2/2017 9:00:00 PM,62,55,21,1260,2,0,451.7000122,459.436279296875
9/10/2017 10:00:00 PM,63,55,22,1320,1,1,414,396.388397216797
1/6/2017 1:00:00 PM,33,27,13,780,6,0,334.125,374.359405517578
8/22/2017 11:00:00 PM,74,73,23,1380,3,0,802.5999756,766.587341308594
5/14/2017 8:00:00 AM,51,48,8,480,1,1,411.0305176,415.750030517578
12/8/2017 2:00:00 PM,38,30,14,840,6,0,370.5855713,350.727478027344
6/13/2017 5:00:00 PM,91,74,17,1020,3,0,664.7000122,685.234436035156
6/20/2017 9:00:00 PM,79,63,21,1260,3,0,443.2999878,428.154144287109
7/2/2017 3:00:00 AM,72,71,3,180,1,1,733.6937256,738.172485351563
11/24/2017 7:00:00 AM,36,31,7,420,6,0,259.4449463,259.974975585938
11/1/2017 7:00:00 PM,55,48,19,1140,4,0,328.6000061,347.321014404297
4/27/2017 12:00:00 PM,68,62,12,720,5,0,687.5999756,517.142822265625
5/22/2017 2:00:00 AM,56,51,2,120,2,0,336.3160706,328.910369873047
4/12/2017 12:00:00 PM,64,60,12,720,4,0,484,417.661041259766
5/12/2017 6:00:00 PM,54,48,18,1080,6,0,426.2947388,414.269958496094
5/27/2017 10:00:00 PM,63,59,22,1320,7,1,298.7000122,279.928833007813
1/24/2017 12:00:00 AM,36,36,0,0,3,0,283.8250122,292.973693847656
10/4/2017 8:00:00 PM,70,62,20,1200,4,0,490.1000061,490.973358154297
9/25/2017 4:00:00 PM,85,72,16,960,2,0,576,616.072387695313
5/5/2017 6:00:00 AM,52,50,6,360,6,0,451.2999878,460.634033203125
6/1/2017 3:00:00 PM,78,60,15,900,5,0,454.1000061,443.334777832031
6/19/2017 10:00:00 PM,70,69,22,1320,2,0,471.2000122,449.880004882813
11/11/2017 3:00:00 PM,37,28,15,900,7,1,325.7000122,330.369415283203
3/10/2017 5:00:00 AM,42,34,5,300,6,0,275.125,295.202270507813
8/3/2017 6:00:00 PM,79,71,18,1080,5,0,752.7999878,761.276489257813
3/9/2017 6:00:00 PM,55,41,18,1080,5,0,312.6499939,296.790893554688
6/1/2017 11:00:00 AM,74,64,11,660,5,0,466.1000061,465.125518798828
9/2/2017 10:00:00 AM,63,55,10,600,7,1,403.2799988,439.053253173828
9/16/2017 4:00:00 PM,79,72,16,960,7,1,528.2276611,541.676513671875
11/25/2017 6:00:00 AM,43,37,6,360,7,1,254.4932251,264.779571533203
8/30/2017 12:00:00 AM,61,60,0,0,4,0,580.2999878,597.113098144531
11/11/2017 2:00:00 AM,25,21,2,120,7,1,281.1000061,272.338745117188
8/5/2017 6:00:00 PM,75,63,18,1080,7,1,717.9819946,720.77001953125
9/5/2017 3:00:00 PM,84,74,15,900,3,0,733.2000122,809.173828125
1/29/2017 3:00:00 PM,42,32,15,900,1,1,283.5,285.237823486328
7/31/2017 11:00:00 PM,77,68,23,1380,2,0,688.7999878,703.833984375
11/16/2017 3:00:00 AM,53,48,3,180,5,0,239.3000031,248.58561706543
4/28/2017 5:00:00 PM,80,65,17,1020,6,0,519.5999756,526.62744140625
5/8/2017 5:00:00 PM,57,45,17,1020,2,0,451.2999878,442.258178710938
11/1/2017 5:00:00 PM,56,47,17,1020,4,0,350.8999939,345.348083496094
8/3/2017 8:00:00 AM,73,69,8,480,5,0,695.2000122,715.409118652344
9/23/2017 11:00:00 AM,81,66,11,660,7,1,411,421.900695800781
7/24/2017 9:00:00 PM,65,61,21,1260,2,0,628.5999756,614.673156738281
3/25/2017 2:00:00 AM,53,44,2,120,7,1,425.8250122,426.6669921875
11/22/2017 5:00:00 PM,44,38,17,1020,4,0,328.2648315,315.788482666016
8/3/2017 7:00:00 PM,78,70,19,1140,5,0,754.0999756,726.695983886719
10/19/2017 1:00:00 AM,60,52,1,60,5,0,325.3698425,342.335693359375
5/2/2017 10:00:00 PM,64,50,22,1320,3,0,451.2999878,450.965637207031
8/10/2017 1:00:00 PM,83,69,13,780,5,0,553.4539185,628.0224609375
11/16/2017 10:00:00 AM,52,49,10,600,5,0,334.2000122,336.895111083984
10/5/2017 3:00:00 AM,65,60,3,180,5,0,279.3999939,313.794006347656
11/3/2017 1:00:00 PM,73,63,13,780,6,0,499.7000122,488.705780029297
8/14/2017 10:00:00 AM,79,69,10,600,2,0,710.2000122,704.347290039063
8/19/2017 3:00:00 AM,73,72,3,180,7,1,781,800.110046386719
5/21/2017 7:00:00 PM,58,49,19,1140,1,1,339.1278992,337.043518066406
5/12/2017 12:00:00 PM,62,51,12,720,6,0,428.704895,423.449798583984
6/14/2017 7:00:00 AM,70,69,7,420,4,0,697.4000244,581.320556640625
12/8/2017 3:00:00 PM,37,29,15,900,6,0,382.9572754,360.823822021484
5/24/2017 6:00:00 PM,64,58,18,1080,4,0,378.7000122,343.853973388672
8/18/2017 4:00:00 PM,80,78,16,960,6,0,923.5,894.773376464844
7/10/2017 6:00:00 PM,80,70,18,1080,2,0,722.9000244,733.680114746094
5/21/2017 2:00:00 PM,65,50,14,840,1,1,341.1363525,353.87109375
6/5/2017 4:00:00 AM,59,58,4,240,2,0,291.2000122,344.6181640625
5/23/2017 2:00:00 AM,59,58,2,120,3,0,314.5,291.784484863281
10/19/2017 12:00:00 PM,69,55,12,720,5,0,484.7364502,489.951599121094
7/1/2017 12:00:00 AM,78,71,0,0,7,1,826.0365601,829.342224121094
7/15/2017 5:00:00 PM,82,69,17,1020,7,1,796.2446289,812.593811035156
3/31/2017 12:00:00 AM,44,39,0,0,6,0,492.375,502.743011474609
3/18/2017 6:00:00 PM,34,33,18,1080,7,1,497.7000122,488.706024169922
7/29/2017 8:00:00 AM,68,59,8,480,7,1,608,584.12109375
5/27/2017 8:00:00 PM,65,60,20,1200,7,1,293.5,308.739105224609
3/28/2017 2:00:00 AM,44,44,2,120,3,0,483.5750122,484.374664306641
11/6/2017 8:00:00 AM,63,61,8,480,2,0,345.3999939,386.890289306641
8/30/2017 3:00:00 AM,61,59,3,180,4,0,567,548.704650878906
4/5/2017 6:00:00 PM,53,49,18,1080,4,0,587.0999756,649.721374511719
4/2/2017 6:00:00 AM,41,37,6,360,1,1,449.625,452.182312011719
3/21/2017 6:00:00 AM,43,36,6,360,3,0,407.7749939,435.640350341797
4/5/2017 7:00:00 PM,47,45,19,1140,4,0,611.875,572.191162109375
6/15/2017 11:00:00 AM,74,61,11,660,5,0,435.2999878,466.1279296875
11/14/2017 6:00:00 AM,36,34,6,360,3,0,256.2000122,260.554138183594
2/28/2017 5:00:00 PM,53,51,17,1020,3,0,404.0249939,406.681701660156
11/1/2017 11:00:00 PM,59,55,23,1380,4,0,333.7000122,376.250549316406
1/26/2017 9:00:00 AM,47,44,9,540,5,0,297.2749939,347.603546142578
1/5/2017 3:00:00 AM,30,24,3,180,5,0,451.625,391.6787109375
10/13/2017 8:00:00 PM,63,59,20,1200,6,0,348.2000122,355.352081298828
7/9/2017 1:00:00 AM,73,64,1,60,1,1,641.2000122,630.828674316406
5/15/2017 8:00:00 PM,64,52,20,1200,2,0,396.5696411,388.573913574219
3/18/2017 1:00:00 AM,38,31,1,60,7,1,446.2250061,443.602874755859
3/25/2017 3:00:00 AM,52,44,3,180,7,1,405.0750122,414.804595947266
10/29/2017 12:00:00 PM,63,62,12,720,1,1,417,456.548278808594
7/6/2017 8:00:00 PM,73,65,20,1200,5,0,656,655.776428222656
8/26/2017 1:00:00 PM,76,59,13,780,7,1,593.4000244,611.955444335938
11/13/2017 5:00:00 PM,46,42,17,1020,2,0,373.1000061,375.949401855469
11/11/2017 9:00:00 PM,34,27,21,1260,7,1,318,326.607452392578
10/18/2017 2:00:00 PM,71,57,14,840,4,0,425.741333,414.359924316406
8/10/2017 7:00:00 AM,72,66,7,420,5,0,519.6234741,500.225280761719
5/30/2017 2:00:00 AM,56,54,2,120,3,0,283,301.745330810547
4/11/2017 10:00:00 AM,72,58,10,600,3,0,479.7000122,414.025421142578
9/21/2017 11:00:00 AM,79,69,11,660,5,0,517.7000122,512.436218261719
11/14/2017 2:00:00 PM,47,41,14,840,3,0,380.5,406.649536132813
9/23/2017 5:00:00 AM,69,60,5,300,7,1,364.5,367.944152832031
5/11/2017 11:00:00 PM,52,47,23,1380,5,0,433.9268799,428.884826660156
4/23/2017 5:00:00 PM,58,49,17,1020,1,1,322.3999939,336.101165771484
1/24/2017 2:00:00 PM,36,36,14,840,3,0,359.6600037,342.728881835938
5/5/2017 6:00:00 PM,59,58,18,1080,6,0,451.2999878,458.414611816406
5/13/2017 7:00:00 PM,46,45,19,1140,7,1,416.2524719,431.752990722656
11/3/2017 11:00:00 AM,70,63,11,660,6,0,497.6000061,454.7607421875
10/20/2017 4:00:00 PM,72,53,16,960,6,0,509.9010925,505.2978515625
5/28/2017 8:00:00 AM,63,60,8,480,1,1,294.2999878,286.590667724609
10/24/2017 6:00:00 PM,68,67,18,1080,3,0,520.4782715,524.867736816406
7/6/2017 6:00:00 AM,71,65,6,360,5,0,642.7000122,635.896911621094
5/26/2017 6:00:00 AM,56,55,6,360,6,0,293.2999878,274.576873779297
9/27/2017 3:00:00 PM,85,75,15,900,4,0,694.7000122,711.711303710938
1/17/2017 3:00:00 PM,39,38,15,900,3,0,397.125,384.578704833984
1/25/2017 5:00:00 PM,47,41,17,1020,4,0,344.5,336.229675292969
1/25/2017 8:00:00 PM,48,41,20,1200,4,0,312.9750061,315.933166503906
1/11/2017 1:00:00 AM,45,42,1,60,4,0,291.1499939,309.518371582031
8/8/2017 6:00:00 AM,66,65,6,360,3,0,646.6188354,638.225341796875
9/16/2017 9:00:00 AM,73,70,9,540,7,1,529.8052368,544.465026855469
6/26/2017 2:00:00 AM,67,57,2,120,2,0,568.2999878,547.89111328125
1/26/2017 4:00:00 PM,48,39,16,960,5,0,351.5,359.407806396484
10/26/2017 8:00:00 PM,53,44,20,1200,5,0,373.4618225,359.560333251953
4/1/2017 9:00:00 AM,40,37,9,540,7,1,501.1000061,513.143676757813
4/18/2017 1:00:00 AM,56,44,1,60,3,0,380.6000061,361.5009765625
9/14/2017 2:00:00 AM,71,69,2,120,5,0,502.8999939,478.325622558594
12/7/2017 7:00:00 AM,37,32,7,420,5,0,284.5524597,248.338195800781
1/26/2017 6:00:00 PM,45,37,18,1080,5,0,336.375,297.883972167969
10/28/2017 7:00:00 AM,56,51,7,420,7,1,279.2999878,286.440032958984
3/27/2017 10:00:00 AM,41,41,10,600,2,0,519.2999878,545.685363769531
6/23/2017 1:00:00 PM,76,73,13,780,6,0,516,472.106048583984
8/19/2017 3:00:00 PM,85,72,15,900,7,1,767.2000122,812.189208984375
9/21/2017 3:00:00 PM,80,69,15,900,5,0,534.5999756,543.4052734375
8/9/2017 5:00:00 PM,79,67,17,1020,4,0,584.2198486,574.679809570313
7/28/2017 3:00:00 AM,73,70,3,180,6,0,684.7999878,695.287536621094
4/29/2017 8:00:00 AM,69,66,8,480,7,1,443.7000122,429.555297851563
12/6/2017 5:00:00 AM,50,44,5,300,4,0,263.7053528,275.505950927734
6/24/2017 3:00:00 PM,83,66,15,900,7,1,399.2999878,403.540954589844
1/15/2017 10:00:00 AM,33,29,10,600,1,1,249.3249969,214.282333374023
8/4/2017 1:00:00 PM,82,70,13,780,6,0,782.5999756,712.090209960938
4/14/2017 11:00:00 PM,54,45,23,1380,6,0,337.8999939,346.243255615234
4/13/2017 2:00:00 PM,62,47,14,840,5,0,431.7000122,415.889587402344
4/3/2017 12:00:00 AM,54,43,0,0,2,0,542.8250122,522.940307617188
8/28/2017 10:00:00 AM,70,61,10,600,2,0,643.7999878,609.255004882813
1/15/2017 1:00:00 PM,37,31,13,780,1,1,250.2250061,248.80615234375
9/21/2017 7:00:00 AM,72,67,7,420,5,0,421.5,423.807678222656
3/8/2017 10:00:00 AM,48,41,10,600,4,0,308.7000122,293.229705810547
8/10/2017 12:00:00 PM,79,68,12,720,5,0,550.2374878,609.853515625
8/20/2017 1:00:00 AM,75,69,1,60,1,1,769.7999878,791.066772460938
10/8/2017 6:00:00 AM,74,71,6,360,1,1,447.2749939,448.079376220703
5/24/2017 11:00:00 AM,65,58,11,660,4,0,366,387.125915527344
11/30/2017 6:00:00 AM,38,33,6,360,5,0,269.3922119,269.043762207031
8/9/2017 8:00:00 AM,72,63,8,480,4,0,664.9716187,669.914916992188
1/23/2017 2:00:00 AM,43,41,2,120,2,0,269.7999878,281.575744628906
9/16/2017 3:00:00 PM,81,72,15,900,7,1,528.4530029,553.519287109375
10/9/2017 11:00:00 PM,76,75,23,1380,2,0,619,622.296203613281
5/30/2017 5:00:00 PM,58,57,17,1020,3,0,355.7999878,330.362426757813
5/20/2017 6:00:00 AM,56,52,6,360,7,1,353.990448,349.144744873047
10/5/2017 9:00:00 PM,76,68,21,1260,5,0,506,509.686737060547
1/28/2017 2:00:00 PM,37,31,14,840,7,1,283.5,276.054168701172
8/16/2017 3:00:00 AM,71,70,3,180,4,0,692.5999756,695.089050292969
9/3/2017 6:00:00 PM,68,62,18,1080,1,1,580.0750122,540.192626953125
7/17/2017 7:00:00 AM,77,70,7,420,2,0,822.8556519,837.291076660156
4/15/2017 4:00:00 PM,62,53,16,960,7,1,376.3999939,362.176513671875
9/21/2017 1:00:00 AM,73,67,1,60,5,0,451.7999878,451.780975341797
9/24/2017 9:00:00 AM,79,68,9,540,1,1,423.2000122,439.247131347656
6/12/2017 1:00:00 AM,79,69,1,60,2,0,487.6000061,457.615509033203
11/16/2017 2:00:00 AM,52,48,2,120,5,0,248.8000031,276.476989746094
10/1/2017 4:00:00 AM,53,49,4,240,1,1,281.7999878,299.839447021484
5/1/2017 1:00:00 AM,50,48,1,60,2,0,340.5,348.140045166016
11/30/2017 7:00:00 PM,49,46,19,1140,5,0,384.2886963,389.602203369141
10/6/2017 4:00:00 AM,69,66,4,240,6,0,435.8999939,433.596160888672
11/28/2017 7:00:00 AM,37,33,7,420,3,0,289.0365601,263.954650878906
11/10/2017 3:00:00 AM,48,46,3,180,6,0,255.8999939,255.251434326172
3/7/2017 7:00:00 PM,49,47,19,1140,3,0,314.1749878,317.320190429688
8/6/2017 10:00:00 AM,70,59,10,600,1,1,670.8779907,649.591247558594
6/12/2017 5:00:00 PM,89,71,17,1020,2,0,593,595.899230957031
7/10/2017 8:00:00 AM,75,63,8,480,2,0,660.5,682.300048828125
9/4/2017 10:00:00 PM,71,64,22,1320,2,0,588.4000244,575.926696777344
7/26/2017 4:00:00 PM,74,63,16,960,4,0,724.7999878,683.484313964844
11/27/2017 7:00:00 AM,40,34,7,420,2,0,261.1759949,276.032470703125
7/11/2017 10:00:00 PM,81,73,22,1320,3,0,748.7999878,745.197998046875
8/22/2017 2:00:00 PM,88,78,14,840,3,0,846.9000244,847.228393554688
9/4/2017 2:00:00 AM,63,60,2,120,2,0,558.9000244,566.046936035156
9/30/2017 5:00:00 AM,57,52,5,300,7,1,279.2000122,254.723526000977
3/28/2017 3:00:00 AM,44,44,3,180,3,0,417.9750061,438.718841552734
5/17/2017 4:00:00 PM,90,71,16,960,4,0,378.8952637,385.251586914063
1/26/2017 2:00:00 PM,54,45,14,840,5,0,379.1666565,348.428344726563
5/26/2017 5:00:00 PM,73,62,17,1020,6,0,319.8999939,339.826049804688
7/17/2017 9:00:00 AM,81,72,9,540,2,0,824.2562256,813.775817871094
7/21/2017 2:00:00 PM,90,73,14,840,6,0,845.5999756,810.279357910156
8/1/2017 10:00:00 PM,80,70,22,1320,3,0,720,700.52001953125
1/14/2017 3:00:00 AM,31,26,3,180,7,1,286.6499939,277.754486083984
10/26/2017 2:00:00 AM,56,48,2,120,5,0,324.5950928,324.276824951172
3/26/2017 12:00:00 AM,42,39,0,0,1,1,450.4249878,443.741485595703
5/14/2017 2:00:00 PM,65,54,14,840,1,1,408.6203613,397.702545166016
10/31/2017 7:00:00 AM,47,43,7,420,3,0,288.5,286.071044921875
8/17/2017 3:00:00 AM,73,62,3,180,5,0,625.2000122,635.528259277344
9/7/2017 1:00:00 AM,63,62,1,60,5,0,610.2000122,618.253051757813
4/22/2017 8:00:00 AM,53,50,8,480,7,1,305.7999878,344.932464599609
11/23/2017 8:00:00 AM,32,28,8,480,5,0,261.3230896,257.097900390625
1/12/2017 1:00:00 PM,63,57,13,780,5,0,327.8500061,313.271575927734
10/18/2017 3:00:00 PM,71,57,15,900,4,0,425.5831299,416.901336669922
4/1/2017 1:00:00 PM,44,40,13,780,7,1,545.7000122,516.360961914063
5/13/2017 12:00:00 PM,51,50,12,720,7,1,419.0643311,417.126831054688
10/10/2017 6:00:00 AM,66,63,6,360,3,0,395.6000061,379.948547363281
7/16/2017 5:00:00 AM,69,65,5,300,1,1,804.6480713,800.207763671875
11/17/2017 9:00:00 PM,40,32,21,1260,6,0,299.2000122,300.98779296875
7/9/2017 3:00:00 AM,72,62,3,180,1,1,613.0999756,621.218872070313
8/6/2017 9:00:00 PM,70,61,21,1260,1,1,648.0875244,657.851806640625
5/27/2017 1:00:00 PM,69,61,13,780,7,1,294.1000061,323.949249267578
11/30/2017 11:00:00 AM,44,38,11,660,5,0,350.5369263,377.9482421875
4/5/2017 10:00:00 PM,48,45,22,1320,4,0,608.1500244,591.877075195313
6/25/2017 6:00:00 AM,69,64,6,360,1,1,324.3999939,345.368774414063
6/12/2017 9:00:00 AM,82,69,9,540,2,0,418.1000061,539.9404296875
4/26/2017 5:00:00 PM,59,58,17,1020,4,0,420.3999939,398.514099121094
1/15/2017 3:00:00 AM,32,30,3,180,1,1,250.5,245.58561706543
7/25/2017 1:00:00 PM,69,63,13,780,3,0,679.5,670.554931640625
10/12/2017 3:00:00 PM,63,54,15,900,5,0,484,462.841583251953
5/31/2017 8:00:00 PM,68,64,20,1200,4,0,434.2000122,390.900421142578
5/11/2017 3:00:00 AM,46,42,3,180,5,0,441.9606934,464.279296875
3/22/2017 2:00:00 AM,48,37,2,120,4,0,423.0249939,415.36767578125
9/18/2017 3:00:00 PM,73,69,15,900,2,0,517.6355591,502.351318359375
9/13/2017 7:00:00 PM,72,69,19,1140,4,0,528.2999878,547.0068359375
7/30/2017 10:00:00 PM,72,62,22,1320,1,1,633.2000122,615.539794921875
9/10/2017 11:00:00 AM,69,58,11,660,1,1,411.2000122,376.625518798828
7/12/2017 1:00:00 AM,79,74,1,60,4,0,748.7999878,731.470336914063
6/21/2017 5:00:00 PM,82,67,17,1020,4,0,475.5,492.4208984375
6/11/2017 2:00:00 AM,74,65,2,120,1,1,459.8861084,470.986999511719
4/12/2017 11:00:00 AM,63,60,11,660,4,0,468.7000122,432.60791015625
6/26/2017 10:00:00 PM,73,58,22,1320,2,0,433.7000122,472.225708007813
4/29/2017 4:00:00 PM,82,67,16,960,7,1,557,506.313720703125
1/5/2017 4:00:00 PM,32,25,16,960,5,0,305.1666565,309.848876953125
10/10/2017 2:00:00 AM,71,66,2,120,3,0,447.1000061,474.405212402344
4/22/2017 6:00:00 AM,52,50,6,360,7,1,277.2999878,319.667236328125
11/4/2017 10:00:00 AM,52,44,10,600,7,1,322.7000122,325.196899414063
1/4/2017 5:00:00 AM,43,41,5,300,4,0,421.8250122,421.967346191406
7/31/2017 8:00:00 AM,71,63,8,480,2,0,634,635.232238769531
8/30/2017 4:00:00 PM,76,63,16,960,4,0,678.0999756,687.632629394531
10/6/2017 2:00:00 PM,81,66,14,840,6,0,525.0999756,520.84814453125
6/23/2017 3:00:00 PM,80,74,15,900,6,0,505.7000122,515.940979003906
3/4/2017 6:00:00 AM,21,17,6,360,7,1,269.7749939,271.894226074219
6/25/2017 4:00:00 AM,70,63,4,240,1,1,339.5,349.493286132813
12/3/2017 12:00:00 AM,44,40,0,0,1,1,313.4698792,298.56591796875
1/19/2017 12:00:00 AM,40,38,0,0,5,0,290.6000061,284.487945556641
4/3/2017 7:00:00 AM,52,43,7,420,2,0,460.7749939,502.344665527344
10/18/2017 2:00:00 AM,51,45,2,120,4,0,319.7042236,318.500183105469
5/13/2017 5:00:00 AM,48,47,5,300,7,1,421.8761597,431.067718505859
10/25/2017 4:00:00 PM,63,54,16,960,4,0,478.3600464,472.778900146484
9/12/2017 10:00:00 AM,71,62,10,600,3,0,446.1000061,456.986633300781
5/3/2017 8:00:00 AM,60,49,8,480,4,0,451.2999878,461.802490234375
5/20/2017 2:00:00 PM,63,52,14,840,7,1,350.7769165,331.869567871094
3/1/2017 11:00:00 PM,65,56,23,1380,4,0,362.7000122,352.803894042969
4/13/2017 10:00:00 PM,56,42,22,1320,5,0,378.2999878,373.765167236328
1/11/2017 3:00:00 AM,45,43,3,180,4,0,284.5249939,298.226409912109
6/7/2017 10:00:00 PM,62,55,22,1320,4,0,313,320.747467041016
3/2/2017 9:00:00 AM,45,36,9,540,5,0,314.3500061,316.209350585938
9/5/2017 5:00:00 PM,82,72,17,1020,3,0,735.5,732.590515136719
4/20/2017 12:00:00 PM,58,54,12,720,5,0,425.8999939,471.343017578125
1/30/2017 8:00:00 AM,32,26,8,480,2,0,283.5,297.411743164063
7/17/2017 3:00:00 AM,74,69,3,180,2,0,820.0544434,823.192810058594
7/30/2017 1:00:00 AM,68,58,1,60,1,1,600,624.830749511719
4/16/2017 7:00:00 PM,81,63,19,1140,1,1,457.6000061,460.881469726563
6/5/2017 8:00:00 AM,63,61,8,480,2,0,572.9000244,507.19091796875
9/12/2017 8:00:00 AM,66,60,8,480,3,0,389.2999878,398.286437988281
1/3/2017 12:00:00 AM,39,38,0,0,3,0,442.6749878,443.383026123047
11/21/2017 2:00:00 PM,58,45,14,840,3,0,362.8871155,375.414215087891
5/22/2017 5:00:00 PM,60,59,17,1020,2,0,408.7000122,376.193023681641
11/4/2017 3:00:00 AM,48,42,3,180,7,1,286.8999939,287.841888427734
10/14/2017 3:00:00 PM,71,66,15,900,7,1,471.3999939,477.538665771484
8/31/2017 9:00:00 AM,73,64,9,540,5,0,627.2000122,595.593505859375
11/17/2017 1:00:00 AM,43,38,1,60,6,0,487.6000061,448.650787353516
10/16/2017 11:00:00 PM,48,40,23,1380,2,0,313.3413391,302.987823486328
6/3/2017 12:00:00 AM,61,50,0,0,7,1,410.5,417.209197998047
4/18/2017 10:00:00 AM,58,47,10,600,3,0,395.2999878,419.971984863281
9/19/2017 7:00:00 AM,71,67,7,420,3,0,514.0297241,518.37451171875
7/1/2017 8:00:00 PM,72,71,20,1200,7,1,802.4021606,792.505310058594
4/14/2017 6:00:00 AM,49,40,6,360,6,0,306.1000061,289.032287597656
3/13/2017 6:00:00 AM,20,16,6,360,2,0,280.3250122,275.439666748047
7/9/2017 2:00:00 PM,80,64,14,840,1,1,636.2999878,623.887939453125
8/13/2017 5:00:00 PM,81,67,17,1020,1,1,670.2000122,648.8740234375
11/22/2017 11:00:00 PM,36,30,23,1380,4,0,276.8477783,268.409271240234
6/21/2017 8:00:00 AM,76,66,8,480,4,0,420.5,419.746398925781
8/16/2017 7:00:00 AM,71,69,7,420,4,0,696.4000244,718.033081054688
4/3/2017 12:00:00 PM,63,48,12,720,2,0,590.7000122,533.594055175781
6/10/2017 11:00:00 AM,80,66,11,660,7,1,454,475.217437744141
11/15/2017 10:00:00 PM,49,44,22,1320,4,0,325.7000122,318.270812988281
10/27/2017 6:00:00 PM,58,51,18,1080,6,0,363.8953247,386.13427734375
4/5/2017 2:00:00 PM,61,51,14,840,4,0,617.7999878,609.814208984375
7/17/2017 7:00:00 PM,78,73,19,1140,2,0,831.2590942,837.431823730469
1/5/2017 6:00:00 AM,28,22,6,360,5,0,451.9500122,322.566589355469
8/27/2017 11:00:00 AM,75,61,11,660,1,1,583.5,616.867065429688
7/26/2017 11:00:00 AM,76,64,11,660,4,0,686.7999878,688.207885742188
4/28/2017 2:00:00 AM,58,57,2,120,6,0,412.6000061,394.450592041016
4/16/2017 4:00:00 PM,73,65,16,960,1,1,452.3999939,448.102935791016
11/16/2017 5:00:00 PM,50,43,17,1020,5,0,361.8999939,370.243621826172
3/11/2017 12:00:00 PM,23,18,12,720,7,1,294.5499878,303.38232421875
11/26/2017 9:00:00 AM,44,39,9,540,1,1,261.3635864,286.095489501953
12/8/2017 1:00:00 PM,37,30,13,780,6,0,363.167572,350.512542724609
1/7/2017 6:00:00 AM,23,18,6,360,7,1,311.2000122,287.294738769531
5/26/2017 12:00:00 AM,57,56,0,0,6,0,305.7000122,295.760864257813
7/27/2017 7:00:00 AM,69,65,7,420,5,0,630.2999878,619.440734863281
4/15/2017 5:00:00 AM,52,44,5,300,7,1,288.8999939,286.222930908203
8/26/2017 3:00:00 PM,76,58,15,900,7,1,591.5,616.491760253906
6/23/2017 5:00:00 PM,83,75,17,1020,6,0,578.9000244,557.929748535156
7/21/2017 1:00:00 PM,91,74,13,780,6,0,833.4000244,850.757019042969
10/10/2017 4:00:00 PM,79,67,16,960,3,0,541.0999756,554.135803222656
8/26/2017 9:00:00 PM,68,57,21,1260,7,1,583.9000244,594.451599121094
8/28/2017 9:00:00 AM,70,63,9,540,2,0,619.7999878,620.276489257813
1/5/2017 10:00:00 AM,28,22,10,600,5,0,317.2000122,307.714569091797
7/23/2017 5:00:00 AM,72,72,5,300,1,1,646.7000122,654.611755371094
12/6/2017 9:00:00 PM,40,32,21,1260,4,0,283.9858093,299.698425292969
10/27/2017 1:00:00 AM,50,44,1,60,6,0,330.3438416,339.245147705078
11/12/2017 12:00:00 AM,34,28,0,0,1,1,317.2999878,296.182189941406
6/22/2017 2:00:00 AM,69,65,2,120,5,0,430.2000122,415.455505371094
12/1/2017 2:00:00 AM,50,48,2,120,6,0,276.151886,278.608947753906
6/28/2017 1:00:00 PM,75,60,13,780,4,0,497.7999878,515.346313476563
1/16/2017 10:00:00 AM,34,29,10,600,2,0,262.9249878,263.4658203125
11/23/2017 7:00:00 AM,32,28,7,420,5,0,259.8433228,252.715911865234
6/27/2017 9:00:00 PM,71,58,21,1260,3,0,434.2000122,439.547393798828
8/20/2017 9:00:00 AM,74,65,9,540,1,1,700.7999878,682.501647949219
6/24/2017 11:00:00 AM,81,69,11,660,7,1,486.3999939,423.304290771484
8/18/2017 10:00:00 PM,73,72,22,1320,6,0,831.7000122,830.926574707031
4/20/2017 12:00:00 AM,51,48,0,0,5,0,554.7999878,557.880981445313
10/24/2017 3:00:00 AM,69,66,3,180,3,0,302.3392639,350.733489990234
7/14/2017 6:00:00 AM,66,64,6,360,6,0,771.7344971,730.978393554688
6/7/2017 7:00:00 AM,54,50,7,420,4,0,505.3999939,510.063720703125
9/23/2017 8:00:00 AM,72,62,8,480,7,1,379.1000061,375.248107910156
11/8/2017 4:00:00 AM,40,38,4,240,4,0,305.3999939,299.926940917969
8/5/2017 1:00:00 AM,75,72,1,60,7,1,768.0300293,765.525512695313
8/12/2017 2:00:00 AM,64,63,2,120,7,1,666.2000122,647.917663574219
12/5/2017 2:00:00 PM,61,57,14,840,3,0,399.2348633,404.478363037109
10/5/2017 8:00:00 AM,67,61,8,480,5,0,426.7999878,361.625244140625
5/17/2017 12:00:00 AM,69,57,0,0,4,0,385.3222961,368.997894287109
5/6/2017 11:00:00 PM,53,49,23,1380,7,1,451.2999878,444.12890625
3/16/2017 6:00:00 AM,24,20,6,360,5,0,449.4249878,448.662353515625
5/17/2017 7:00:00 PM,86,69,19,1140,4,0,377.6901855,378.449188232422
7/13/2017 4:00:00 PM,85,76,16,960,5,0,761.9304199,756.182800292969
3/5/2017 8:00:00 PM,32,24,20,1200,1,1,297.375,306.327758789063
5/22/2017 6:00:00 AM,54,53,6,360,2,0,334.7092896,329.333892822266
6/5/2017 5:00:00 AM,59,58,5,300,2,0,293.7000122,336.686218261719
11/6/2017 4:00:00 AM,61,60,4,240,2,0,345.3999939,338.804290771484
1/2/2017 3:00:00 AM,38,34,3,180,2,0,427.6749878,435.982116699219
7/12/2017 12:00:00 PM,87,75,12,720,4,0,748.7999878,746.048034667969
5/17/2017 5:00:00 PM,89,69,17,1020,4,0,378.4935608,382.723083496094
1/14/2017 12:00:00 PM,32,27,12,720,7,1,260.7000122,248.013595581055
3/9/2017 2:00:00 PM,60,43,14,840,5,0,350.5750122,340.9541015625
10/22/2017 3:00:00 AM,62,53,3,180,1,1,276.9970093,265.941955566406
10/29/2017 2:00:00 PM,64,63,14,840,1,1,457.2999878,479.453369140625
5/10/2017 1:00:00 PM,68,53,13,780,4,0,447.5843506,425.93310546875
3/12/2017 7:00:00 PM,27,21,19,1140,1,1,285.9249878,280.813629150391
3/14/2017 7:00:00 AM,28,27,7,420,3,0,296.2250061,330.767333984375
8/14/2017 2:00:00 AM,72,66,2,120,2,0,651.2000122,636.274169921875
9/7/2017 8:00:00 AM,61,59,8,480,5,0,609.5,594.194946289063
1/22/2017 9:00:00 AM,44,44,9,540,1,1,256.2999878,271.466156005859
9/27/2017 4:00:00 AM,69,68,4,240,4,0,621.5999756,611.84521484375
10/6/2017 1:00:00 PM,81,67,13,780,6,0,504.1000061,497.542022705078
9/7/2017 12:00:00 PM,69,62,12,720,5,0,693.4000244,679.046142578125
12/6/2017 10:00:00 AM,41,33,10,600,4,0,326.3150024,350.381500244141
11/17/2017 4:00:00 PM,47,36,16,960,6,0,352.5,340.376007080078
11/8/2017 9:00:00 PM,45,41,21,1260,4,0,334.6000061,344.416595458984
6/13/2017 9:00:00 PM,84,73,21,1260,3,0,584.0999756,642.118591308594
6/16/2017 11:00:00 AM,68,64,11,660,6,0,451.7999878,450.855773925781
5/20/2017 1:00:00 AM,64,56,1,60,7,1,355.9989014,353.460632324219
9/3/2017 2:00:00 AM,59,58,2,120,1,1,411.0750122,474.052368164063
4/13/2017 8:00:00 PM,59,45,20,1200,5,0,381.3999939,381.794738769531
4/17/2017 1:00:00 AM,68,62,1,60,2,0,443.5,447.805572509766
7/20/2017 7:00:00 AM,81,74,7,420,5,0,868.9000244,864.769104003906
1/28/2017 2:00:00 AM,36,30,2,120,7,1,281.3999939,278.493133544922
7/29/2017 1:00:00 PM,71,62,13,780,7,1,643.9000244,623.176452636719
5/21/2017 10:00:00 AM,65,50,10,600,1,1,342.743103,345.382507324219
7/21/2017 12:00:00 PM,90,72,12,720,6,0,830.9000244,833.090698242188
6/4/2017 6:00:00 PM,62,58,18,1080,1,1,304.1000061,294.6572265625
9/9/2017 3:00:00 AM,57,53,3,180,7,1,355.3999939,366.804504394531
5/25/2017 6:00:00 PM,58,57,18,1080,5,0,341.6000061,336.05810546875
6/28/2017 10:00:00 AM,71,59,10,600,4,0,428.7000122,496.009826660156
9/14/2017 12:00:00 PM,78,71,12,720,5,0,605.7000122,589.423706054688
3/11/2017 2:00:00 AM,20,16,2,120,7,1,285.5750122,275.051940917969
6/12/2017 6:00:00 AM,77,67,6,360,2,0,459.2000122,445.363433837891
2/28/2017 12:00:00 PM,56,47,12,720,3,0,405.2749939,385.919738769531
3/30/2017 7:00:00 PM,45,39,19,1140,5,0,516.9249878,529.3701171875
8/28/2017 4:00:00 AM,63,58,4,240,2,0,556.7000122,562.043212890625
11/25/2017 5:00:00 AM,43,38,5,300,7,1,255.3098755,288.276580810547
11/2/2017 6:00:00 AM,60,59,6,360,5,0,294,301.434661865234
9/17/2017 8:00:00 PM,70,67,20,1200,1,1,521.9174805,541.921142578125
1/13/2017 5:00:00 AM,56,52,5,300,6,0,277.6000061,252.009231567383
6/16/2017 2:00:00 PM,68,65,14,840,6,0,470.2000122,468.306640625
7/26/2017 7:00:00 PM,71,61,19,1140,4,0,642,663.021728515625
9/11/2017 5:00:00 AM,55,52,5,300,2,0,283.1000061,332.484832763672
3/30/2017 6:00:00 AM,38,32,6,360,5,0,388.5249939,395.798431396484
9/8/2017 7:00:00 PM,68,58,19,1140,6,0,432,456.962829589844
4/23/2017 8:00:00 AM,51,44,8,480,1,1,269.7999878,275.145477294922
1/12/2017 8:00:00 AM,54,52,8,480,5,0,289.0249939,262.021759033203
12/31/2016 7:00:00 PM,43,36,19,1140,7,1,439.7749939,438.101226806641
12/8/2017 8:00:00 PM,36,29,20,1200,6,0,327.4693604,329.502136230469
5/21/2017 4:00:00 PM,63,49,16,960,1,1,340.3329773,348.161193847656
6/24/2017 2:00:00 AM,74,73,2,120,7,1,461.3999939,440.744476318359
3/26/2017 1:00:00 AM,42,38,1,60,1,1,446.7250061,440.139129638672
3/28/2017 3:00:00 PM,43,42,15,900,3,0,599.2249756,582.869506835938
10/5/2017 11:00:00 PM,72,68,23,1380,5,0,491.7999878,486.298004150391
5/20/2017 7:00:00 PM,58,50,19,1140,7,1,348.7684631,372.721923828125
11/26/2017 5:00:00 AM,46,40,5,300,1,1,257.0042419,250.771850585938
7/24/2017 5:00:00 AM,69,68,5,300,2,0,550,583.410339355469
11/20/2017 3:00:00 PM,46,37,15,900,2,0,352.7849121,356.625366210938
3/19/2017 8:00:00 PM,42,32,20,1200,1,1,439.7250061,445.065612792969
5/7/2017 7:00:00 AM,50,46,7,420,1,1,451.2999878,426.530242919922
8/15/2017 12:00:00 AM,73,69,0,0,3,0,736.5,747.282287597656
8/16/2017 9:00:00 AM,75,69,9,540,4,0,718.5999756,717.117736816406
8/13/2017 4:00:00 AM,73,71,4,240,1,1,692.7562256,703.556457519531
6/18/2017 5:00:00 AM,72,71,5,300,1,1,393.2999878,403.840118408203
5/26/2017 1:00:00 AM,57,56,1,60,6,0,291.6000061,285.91162109375
7/29/2017 5:00:00 AM,71,59,5,300,7,1,581.7000122,577.006225585938
1/26/2017 11:00:00 PM,43,37,23,1380,5,0,269.6499939,277.968383789063
7/9/2017 11:00:00 AM,78,63,11,660,1,1,640.2999878,649.453857421875
3/28/2017 12:00:00 AM,46,45,0,0,3,0,524.125,518.979431152344
7/20/2017 1:00:00 AM,82,71,1,60,5,0,869.0747681,850.282470703125
8/15/2017 3:00:00 AM,69,68,3,180,3,0,647.7999878,640.899658203125
1/1/2017 11:00:00 PM,41,33,23,1380,1,1,434.2250061,452.876220703125
11/6/2017 6:00:00 PM,61,56,18,1080,2,0,461.5,464.127960205078
7/16/2017 11:00:00 PM,76,69,23,1380,1,1,817.2532959,836.273986816406
9/25/2017 10:00:00 PM,71,66,22,1320,2,0,482.2999878,474.637512207031
1/2/2017 5:00:00 PM,39,38,17,1020,2,0,451.8999939,450.514953613281
4/28/2017 2:00:00 PM,83,63,14,840,6,0,524.2000122,519.378540039063
7/4/2017 10:00:00 PM,76,66,22,1320,3,0,648.7999878,646.867858886719
7/17/2017 2:00:00 AM,74,69,2,120,2,0,819.354187,830.828552246094
8/19/2017 4:00:00 AM,74,73,4,240,7,1,786.5999756,797.965393066406
6/28/2017 9:00:00 PM,75,60,21,1260,4,0,487.3999939,477.467742919922
4/18/2017 3:00:00 AM,54,44,3,180,3,0,313,299.464721679688
7/17/2017 4:00:00 PM,82,74,16,960,2,0,829.1582642,827.038208007813
8/30/2017 2:00:00 AM,61,60,2,120,4,0,583.2999878,589.661376953125
12/7/2017 12:00:00 AM,40,33,0,0,5,0,279.0679321,291.682983398438
4/24/2017 10:00:00 AM,57,50,10,600,2,0,380.6000061,374.143402099609
5/3/2017 1:00:00 PM,62,49,13,780,4,0,451.2999878,426.651824951172
11/5/2017 10:00:00 AM,56,53,10,600,1,1,345.3999939,340.266754150391
12/7/2017 5:00:00 AM,38,32,5,300,5,0,278.98172,259.446899414063
3/17/2017 7:00:00 PM,43,33,19,1140,6,0,461.7000122,463.894653320313
3/22/2017 4:00:00 PM,32,23,16,960,4,0,532.8499756,543.989318847656
1/1/2017 3:00:00 AM,45,37,3,180,1,1,416.4249878,426.131164550781
1/13/2017 2:00:00 AM,60,56,2,120,6,0,280.8999939,291.022674560547
6/15/2017 7:00:00 PM,68,59,19,1140,5,0,406.1000061,381.84814453125
3/14/2017 7:00:00 PM,30,27,19,1140,3,0,457.9249878,430.538330078125
9/4/2017 12:00:00 AM,64,60,0,0,2,0,560.0499878,555.367004394531
6/23/2017 4:00:00 PM,81,75,16,960,6,0,582.2000122,537.613464355469
7/18/2017 11:00:00 PM,79,74,23,1380,3,0,850.8672485,823.673461914063
5/26/2017 4:00:00 PM,72,62,16,960,6,0,339.2000122,329.214965820313
5/14/2017 1:00:00 AM,46,46,1,60,1,1,413.8423462,424.700744628906
4/27/2017 10:00:00 PM,57,56,22,1320,5,0,444.5,444.824859619141
3/19/2017 5:00:00 AM,34,31,5,300,1,1,431.8500061,425.8818359375
9/12/2017 1:00:00 AM,65,58,1,60,3,0,395.5,415.106567382813
1/14/2017 10:00:00 PM,31,30,22,1320,7,1,248.375,245.471176147461
8/11/2017 8:00:00 AM,74,66,8,480,6,0,644.1206055,634.943908691406
6/3/2017 3:00:00 PM,71,54,15,900,7,1,437.3999939,354.877288818359
6/21/2017 10:00:00 PM,75,65,22,1320,4,0,435.8999939,406.968017578125
9/25/2017 1:00:00 PM,87,73,13,780,2,0,597.2999878,573.328735351563
12/31/2016 11:00:00 PM,44,36,23,1380,7,1,436.7000122,423.548583984375
11/3/2017 4:00:00 PM,73,63,16,960,6,0,506.7999878,522.048767089844
11/9/2017 3:00:00 PM,54,46,15,900,5,0,409,399.044952392578
9/21/2017 8:00:00 PM,76,68,20,1200,5,0,486.7999878,485.821105957031
1/1/2017 2:00:00 PM,47,37,14,840,1,1,439.875,435.516784667969
10/2/2017 7:00:00 AM,54,50,7,420,2,0,306.7000122,322.976043701172
11/14/2017 1:00:00 PM,46,40,13,780,3,0,363.6000061,379.647033691406
10/19/2017 9:00:00 PM,64,54,21,1260,5,0,469.29953,466.446197509766
9/19/2017 1:00:00 PM,77,68,13,780,3,0,512.6775513,500.451324462891
3/30/2017 3:00:00 AM,40,33,3,180,5,0,386.125,379.964385986328
10/23/2017 8:00:00 PM,70,66,20,1200,2,0,524.7199707,540.341918945313
9/29/2017 1:00:00 PM,66,54,13,780,6,0,466.8999939,398.215881347656
11/18/2017 2:00:00 PM,50,44,14,840,7,1,332.2999878,340.142211914063
4/24/2017 2:00:00 AM,50,44,2,120,2,0,304.2999878,294.284729003906
10/14/2017 7:00:00 AM,62,61,7,420,7,1,296.1000061,288.214050292969
4/15/2017 12:00:00 PM,61,49,12,720,7,1,336.8999939,339.358428955078
7/21/2017 8:00:00 AM,81,72,8,480,6,0,791.9000244,801.181457519531
10/3/2017 9:00:00 AM,64,57,9,540,3,0,350.3999939,357.610198974609
9/30/2017 2:00:00 AM,59,54,2,120,7,1,298.6000061,266.214538574219
3/26/2017 3:00:00 PM,41,38,15,900,1,1,453.9750061,473.702239990234
4/7/2017 11:00:00 PM,41,35,23,1380,6,0,287.3250122,293.997253417969
5/30/2017 11:00:00 PM,57,57,23,1380,3,0,302.3999939,317.347351074219
3/8/2017 12:00:00 AM,56,51,0,0,4,0,312,307.412261962891
1/13/2017 4:00:00 AM,58,54,4,240,6,0,283.7000122,267.483489990234
6/2/2017 11:00:00 PM,63,51,23,1380,6,0,415.5,363.886871337891
11/19/2017 6:00:00 AM,59,57,6,360,1,1,245,279.751556396484
11/10/2017 10:00:00 PM,26,21,22,1320,6,0,321.3999939,304.099395751953
8/2/2017 6:00:00 PM,70,69,18,1080,4,0,732.7999878,809.992126464844
3/17/2017 3:00:00 AM,31,26,3,180,6,0,439.5499878,435.105102539063
5/16/2017 5:00:00 PM,77,60,17,1020,3,0,388.1341553,404.079864501953
3/26/2017 5:00:00 AM,38,36,5,300,1,1,385.2250061,383.385925292969
5/28/2017 11:00:00 PM,61,56,23,1380,1,1,297.1000061,316.691986083984
8/14/2017 12:00:00 PM,78,69,12,720,2,0,719.7000122,709.3466796875
11/26/2017 2:00:00 PM,45,37,14,840,1,1,274.1943359,283.659942626953
4/22/2017 12:00:00 PM,54,52,12,720,7,1,398.2999878,398.145446777344
9/8/2017 5:00:00 PM,68,58,17,1020,6,0,468.2999878,461.553894042969
7/13/2017 4:00:00 AM,80,74,4,240,5,0,753.5269165,759.385803222656
1/25/2017 3:00:00 AM,37,33,3,180,4,0,288.6000061,283.255493164063
3/30/2017 9:00:00 PM,45,38,21,1260,5,0,524.5999756,517.882019042969
5/9/2017 10:00:00 AM,54,45,10,600,3,0,451.2999878,438.958190917969
10/27/2017 8:00:00 AM,50,44,8,480,6,0,334.331543,345.387634277344
8/17/2017 2:00:00 PM,80,69,14,840,5,0,725.2999878,725.27490234375
5/7/2017 5:00:00 AM,51,47,5,300,1,1,451.2999878,450.46728515625
8/25/2017 2:00:00 AM,67,60,2,120,6,0,592.2999878,596.573608398438
10/24/2017 10:00:00 PM,68,67,22,1320,3,0,481.3913269,500.39599609375
1/23/2017 6:00:00 PM,37,36,18,1080,2,0,335.0249939,318.275573730469
3/20/2017 2:00:00 AM,37,30,2,120,2,0,443.0249939,444.350006103516
3/31/2017 4:00:00 PM,39,39,16,960,6,0,600.0250244,603.563171386719
6/23/2017 11:00:00 AM,81,75,11,660,6,0,528.0999756,528.87744140625
4/27/2017 2:00:00 AM,59,58,2,120,5,0,341.1000061,335.989196777344
5/21/2017 6:00:00 PM,60,49,18,1080,1,1,339.5295715,350.290649414063
11/15/2017 4:00:00 AM,38,34,4,240,4,0,250.8000031,231.609100341797
1/24/2017 4:00:00 AM,37,36,4,240,3,0,278.6499939,276.912445068359
6/13/2017 8:00:00 AM,82,70,8,480,3,0,517.5999756,511.770568847656
1/12/2017 5:00:00 AM,53,51,5,300,5,0,274.7000122,274.309906005859
1/9/2017 4:00:00 AM,15,12,4,240,2,0,303.7999878,311.384307861328
3/9/2017 2:00:00 AM,54,40,2,120,5,0,272.4500122,261.452575683594
8/21/2017 7:00:00 AM,74,67,7,420,2,0,700.7999878,690.319580078125
1/27/2017 8:00:00 AM,41,35,8,480,6,0,291.375,267.396423339844
6/19/2017 6:00:00 AM,78,75,6,360,2,0,447.1000061,451.248992919922
11/8/2017 7:00:00 PM,47,43,19,1140,4,0,372.7999878,371.278747558594
7/29/2017 1:00:00 AM,75,65,1,60,7,1,649.7999878,662.348510742188
6/10/2017 6:00:00 AM,68,59,6,360,7,1,415.2999878,408.860198974609
5/11/2017 4:00:00 PM,59,50,16,960,5,0,436.7387085,428.401092529297
4/28/2017 5:00:00 AM,57,57,5,300,6,0,382.2000122,366.395385742188
10/8/2017 11:00:00 PM,75,72,23,1380,1,1,540.9333496,546.070373535156
11/18/2017 11:00:00 AM,48,41,11,660,7,1,323.7000122,297.075347900391
8/5/2017 9:00:00 PM,72,62,21,1260,7,1,709.1500244,715.344970703125
11/4/2017 4:00:00 PM,54,45,16,960,7,1,359.8999939,347.411163330078
3/4/2017 1:00:00 AM,23,18,1,60,7,1,271.4333191,277.293243408203
9/30/2017 9:00:00 PM,55,51,21,1260,7,1,326.2000122,351.168029785156
4/13/2017 1:00:00 AM,56,49,1,60,5,0,377.7000122,405.826416015625
8/21/2017 12:00:00 PM,85,70,12,720,2,0,700.7999878,703.837341308594
6/26/2017 12:00:00 PM,78,61,12,720,2,0,665.2999878,534.551391601563
7/14/2017 5:00:00 AM,66,64,5,300,6,0,771.0341797,728.366577148438
4/11/2017 8:00:00 PM,65,58,20,1200,3,0,468.8999939,447.978149414063
10/13/2017 9:00:00 AM,57,52,9,540,6,0,349,364.427886962891
8/5/2017 7:00:00 AM,71,70,7,420,7,1,750.3660278,731.404113769531
1/15/2017 5:00:00 AM,31,29,5,300,1,1,249.1000061,234.455047607422
8/5/2017 3:00:00 AM,75,73,3,180,7,1,762.1420288,761.648620605469
6/5/2017 3:00:00 PM,66,63,15,900,2,0,618.0999756,644.499633789063
9/4/2017 9:00:00 PM,72,64,21,1260,2,0,577.5999756,566.489196777344
6/28/2017 7:00:00 AM,63,56,7,420,4,0,411.5,394.955047607422
5/30/2017 11:00:00 AM,59,56,11,660,3,0,368.3999939,367.791717529297
7/27/2017 8:00:00 PM,75,71,20,1200,5,0,737,724.436767578125
12/9/2017 5:00:00 AM,35,29,5,300,7,1,283,281.270080566406
6/30/2017 5:00:00 PM,86,75,17,1020,6,0,831.4000244,849.701782226563
1/12/2017 9:00:00 AM,55,52,9,540,5,0,303.1666565,292.359527587891
10/25/2017 6:00:00 AM,59,56,6,360,4,0,297.8047485,282.506744384766
3/21/2017 7:00:00 AM,43,35,7,420,3,0,414.5750122,444.2158203125
5/18/2017 3:00:00 AM,76,68,3,180,5,0,374.4766541,370.590240478516
9/20/2017 8:00:00 PM,76,68,20,1200,4,0,500.5,497.778961181641
4/11/2017 4:00:00 AM,63,54,4,240,3,0,285.2999878,283.604797363281
12/4/2017 9:00:00 PM,50,45,21,1260,2,0,336.2449646,342.59423828125
3/8/2017 7:00:00 PM,58,43,19,1140,4,0,301.3999939,295.255401611328
7/25/2017 10:00:00 AM,65,61,10,600,3,0,670.9000244,652.435729980469
4/28/2017 4:00:00 AM,58,57,4,240,6,0,391.3999939,366.631256103516
7/8/2017 2:00:00 PM,83,72,14,840,7,1,724.0999756,707.112915039063
1/15/2017 10:00:00 PM,33,28,22,1320,1,1,254.7749939,256.040832519531
5/26/2017 12:00:00 PM,71,62,12,720,6,0,352.3999939,305.984649658203
4/6/2017 11:00:00 PM,51,48,23,1380,5,0,594.1500244,600.673767089844
9/18/2017 3:00:00 AM,70,66,3,180,2,0,520.3399048,529.135437011719
4/13/2017 12:00:00 PM,58,45,12,720,5,0,428.3999939,395.440979003906
9/1/2017 9:00:00 AM,60,49,9,540,6,0,396,398.331970214844
8/26/2017 4:00:00 AM,63,57,4,240,7,1,548.7999878,553.327453613281
10/7/2017 7:00:00 AM,67,66,7,420,7,1,427.1000061,400.172149658203
8/15/2017 1:00:00 AM,74,68,1,60,3,0,721.7999878,711.99658203125
8/2/2017 11:00:00 PM,70,68,23,1380,4,0,679,680.831970214844
5/13/2017 5:00:00 PM,48,47,17,1020,7,1,417.0558777,415.200531005859
9/4/2017 11:00:00 AM,75,65,11,660,2,0,587.0999756,574.635498046875
9/9/2017 5:00:00 PM,65,56,17,1020,7,1,398.7999878,412.394104003906
5/10/2017 1:00:00 AM,51,46,1,60,4,0,451.2999878,464.340026855469
9/20/2017 6:00:00 PM,78,69,18,1080,4,0,525.9000244,548.592224121094
9/28/2017 5:00:00 PM,72,58,17,1020,5,0,465,484.684539794922
6/21/2017 10:00:00 AM,79,67,10,600,4,0,468.3999939,512.876342773438
3/10/2017 9:00:00 AM,32,32,9,540,6,0,298.2333374,303.761199951172
6/15/2017 5:00:00 PM,71,60,17,1020,5,0,432,434.534057617188
4/27/2017 6:00:00 AM,59,58,6,360,5,0,304.1000061,336.143829345703
10/1/2017 2:00:00 PM,66,54,14,840,1,1,343.7999878,320.3515625
6/7/2017 11:00:00 PM,61,55,23,1380,4,0,304.3999939,383.525238037109
5/21/2017 5:00:00 PM,62,50,17,1020,1,1,339.9312744,345.525573730469
8/12/2017 10:00:00 AM,72,68,10,600,7,1,670.4937134,669.353210449219
11/17/2017 3:00:00 AM,42,37,3,180,6,0,400.7000122,397.396087646484
11/26/2017 6:00:00 AM,46,40,6,360,1,1,262.1766968,254.516159057617
8/29/2017 8:00:00 PM,62,60,20,1200,3,0,597.0999756,598.699462890625
10/15/2017 4:00:00 PM,71,66,16,960,1,1,449.4454956,452.306091308594
8/6/2017 1:00:00 PM,76,61,13,780,1,1,662.0460205,674.284912109375
7/26/2017 12:00:00 PM,73,65,12,720,4,0,693,684.698669433594
5/7/2017 11:00:00 AM,52,46,11,660,1,1,451.2999878,455.793853759766
1/20/2017 6:00:00 PM,40,39,18,1080,6,0,306.7000122,316.12158203125
4/20/2017 2:00:00 PM,65,57,14,840,5,0,425.2999878,442.165161132813
1/16/2017 6:00:00 AM,30,26,6,360,2,0,265.6499939,254.281356811523
12/1/2017 12:00:00 AM,50,48,0,0,6,0,278.7229919,313.650726318359
5/17/2017 5:00:00 AM,65,57,5,300,4,0,383.3138428,389.358581542969
9/20/2017 2:00:00 AM,72,67,2,120,4,0,433.8999939,423.282775878906
5/28/2017 2:00:00 PM,69,61,14,840,1,1,304.7000122,255.228622436523
10/23/2017 11:00:00 AM,72,65,11,660,2,0,542.9072266,486.088165283203
9/6/2017 12:00:00 PM,65,61,12,720,4,0,702.2999878,705.186889648438
8/3/2017 9:00:00 AM,75,70,9,540,5,0,711,746.20068359375
10/16/2017 5:00:00 PM,56,47,17,1020,2,0,380.0961304,387.715179443359
9/16/2017 6:00:00 PM,74,69,18,1080,7,1,527.7769165,517.996643066406
10/9/2017 5:00:00 PM,75,74,17,1020,2,0,623.1875,648.519409179688
8/31/2017 5:00:00 AM,65,61,5,300,5,0,574.0999756,575.496154785156
12/5/2017 8:00:00 AM,54,50,8,480,3,0,319.5203857,335.840484619141
11/24/2017 1:00:00 AM,37,31,1,60,6,0,261.2797546,266.422027587891
10/12/2017 9:00:00 AM,57,54,9,540,5,0,412,422.309143066406
6/1/2017 10:00:00 AM,71,63,10,600,5,0,444.3999939,420.131439208984
1/6/2017 6:00:00 PM,31,25,18,1080,6,0,311.3999939,310.150177001953
9/6/2017 8:00:00 PM,62,61,20,1200,4,0,670.5,672.978088378906
7/13/2017 8:00:00 AM,83,74,8,480,5,0,756.328125,737.366333007813
1/23/2017 7:00:00 PM,36,35,19,1140,2,0,322.3999939,316.511810302734
1/4/2017 8:00:00 AM,43,42,8,480,4,0,449.7749939,433.789520263672
6/30/2017 1:00:00 PM,88,74,13,780,6,0,808.5999756,798.733459472656
11/9/2017 6:00:00 AM,39,38,6,360,5,0,261.2999878,270.262298583984
10/15/2017 12:00:00 PM,71,66,12,720,1,1,436.3119812,459.661468505859
1/9/2017 12:00:00 AM,18,14,0,0,2,0,307.1000061,289.808563232422
7/24/2017 7:00:00 PM,67,62,19,1140,2,0,629,644.579833984375
7/3/2017 3:00:00 AM,75,68,3,180,2,0,669.1799927,677.1025390625
5/21/2017 12:00:00 PM,67,51,12,720,1,1,341.9397278,337.593872070313
1/8/2017 6:00:00 AM,17,14,6,360,1,1,300.9249878,292.481689453125
6/2/2017 12:00:00 AM,67,55,0,0,6,0,424.3999939,399.512054443359
3/30/2017 10:00:00 PM,44,39,22,1320,5,0,509.375,521.078002929688
12/1/2017 8:00:00 AM,45,41,8,480,6,0,291.3789063,305.245758056641
4/14/2017 12:00:00 PM,63,48,12,720,6,0,397.7999878,371.695953369141
12/9/2017 4:00:00 PM,31,31,16,960,7,1,283,297.987487792969
5/23/2017 3:00:00 PM,68,57,15,900,3,0,380.6000061,400.882598876953
11/29/2017 10:00:00 AM,53,46,10,600,4,0,578.1955566,492.664794921875
5/1/2017 11:00:00 PM,65,62,23,1380,2,0,444.2999878,482.314727783203
10/12/2017 5:00:00 AM,59,57,5,300,5,0,354.2000122,345.032531738281
6/17/2017 11:00:00 PM,70,69,23,1380,7,1,403.3999939,394.403564453125
3/27/2017 10:00:00 PM,48,47,22,1320,2,0,537.1500244,546.913146972656
8/13/2017 7:00:00 AM,72,68,7,420,1,1,678.5437622,692.937561035156
2/28/2017 1:00:00 PM,58,50,13,780,3,0,405.4750061,407.518920898438
9/25/2017 3:00:00 AM,74,68,3,180,2,0,448.1000061,461.877593994141
9/22/2017 4:00:00 AM,68,57,4,240,6,0,353.2999878,346.069641113281
3/7/2017 9:00:00 AM,47,45,9,540,3,0,281.1499939,302.989501953125
1/23/2017 3:00:00 AM,42,41,3,180,2,0,259.9750061,265.532653808594
4/21/2017 11:00:00 PM,48,48,23,1380,6,0,351.5,340.501831054688
10/18/2017 11:00:00 PM,62,54,23,1380,4,0,349.9559631,350.686401367188
6/28/2017 9:00:00 AM,68,59,9,540,4,0,421.8999939,496.932800292969
4/15/2017 3:00:00 PM,65,54,15,900,7,1,378.1000061,390.165191650391
6/3/2017 4:00:00 PM,72,54,16,960,7,1,444.6000061,342.267974853516
12/6/2017 5:00:00 PM,42,33,17,1020,4,0,349.1699524,359.947723388672
5/5/2017 2:00:00 PM,54,54,14,840,6,0,451.2999878,415.693481445313
1/13/2017 6:00:00 PM,38,30,18,1080,6,0,279.3999939,280.979370117188
11/2/2017 2:00:00 AM,59,56,2,120,5,0,302.7000122,307.970397949219
4/24/2017 12:00:00 AM,51,46,0,0,2,0,311.2000122,327.370452880859
9/2/2017 8:00:00 PM,59,57,20,1200,7,1,405.7749939,422.511413574219
3/6/2017 10:00:00 AM,33,26,10,600,2,0,316.4249878,300.234222412109
6/11/2017 9:00:00 AM,80,68,9,540,1,1,460.7805481,450.763854980469
3/5/2017 9:00:00 PM,31,23,21,1260,1,1,298.1749878,299.447875976563
8/7/2017 4:00:00 PM,64,63,16,960,2,0,647.2785645,660.085388183594
5/18/2017 2:00:00 AM,78,69,2,120,5,0,374.8783569,378.411987304688
6/4/2017 7:00:00 PM,63,59,19,1140,1,1,303.7000122,281.219482421875
4/17/2017 6:00:00 PM,69,50,18,1080,2,0,472.2000122,502.056213378906
4/24/2017 4:00:00 PM,59,52,16,960,2,0,410.6000061,400.385559082031
8/8/2017 9:00:00 PM,73,64,21,1260,3,0,645.9120483,636.59521484375
10/29/2017 11:00:00 AM,61,60,11,660,1,1,417.8999939,397.570922851563
6/22/2017 4:00:00 AM,68,62,4,240,5,0,394.7000122,383.728088378906
3/26/2017 2:00:00 PM,40,37,14,840,1,1,451.0249939,457.583312988281
4/25/2017 7:00:00 AM,50,49,7,420,3,0,312.7999878,324.614990234375
7/29/2017 4:00:00 AM,72,59,4,240,7,1,599.2999878,578.466430664063
4/5/2017 12:00:00 AM,46,45,0,0,4,0,556.5999756,587.5166015625
5/26/2017 11:00:00 AM,68,62,11,660,6,0,343.2999878,329.052154541016
9/30/2017 7:00:00 AM,57,53,7,420,7,1,280,295.460876464844
4/10/2017 11:00:00 PM,68,55,23,1380,2,0,394.7999878,437.467254638672
8/4/2017 1:00:00 AM,74,69,1,60,6,0,699.9000244,712.646667480469
9/4/2017 6:00:00 AM,62,59,6,360,2,0,535.5750122,544.432678222656
12/7/2017 9:00:00 PM,41,33,21,1260,5,0,291.8110962,312.236907958984
8/16/2017 2:00:00 AM,72,71,2,120,4,0,733.7999878,722.855163574219
4/12/2017 3:00:00 AM,58,54,3,180,4,0,296.5,321.83349609375
5/22/2017 6:00:00 PM,60,60,18,1080,2,0,386.7999878,376.072357177734
12/5/2017 1:00:00 PM,59,56,13,780,3,0,393.2095032,386.994354248047
3/23/2017 10:00:00 PM,38,29,22,1320,5,0,494.5750122,496.403747558594
11/19/2017 1:00:00 PM,50,41,13,780,1,1,329.3999939,311.052703857422
3/10/2017 4:00:00 AM,42,35,4,240,6,0,277.125,287.912292480469
5/12/2017 6:00:00 AM,51,48,6,360,6,0,431.1150513,431.841857910156
10/30/2017 3:00:00 PM,54,45,15,900,2,0,412.5,406.049438476563
9/1/2017 7:00:00 AM,55,48,7,420,6,0,387.2250061,405.156555175781
3/2/2017 3:00:00 AM,59,48,3,180,5,0,295.1499939,281.295379638672
6/29/2017 2:00:00 PM,81,71,14,840,5,0,702,765.977905273438
5/8/2017 11:00:00 AM,52,42,11,660,2,0,451.2999878,464.332824707031
9/11/2017 7:00:00 PM,69,57,19,1140,2,0,458.2000122,446.274658203125
11/24/2017 6:00:00 AM,36,31,6,360,6,0,261.4694824,266.784820556641
9/27/2017 12:00:00 AM,71,68,0,0,4,0,686.4000244,688.669555664063
6/4/2017 12:00:00 PM,64,55,12,720,1,1,314.1000061,312.681884765625
3/14/2017 1:00:00 PM,31,30,13,780,3,0,426.0750122,322.578735351563
9/17/2017 2:00:00 PM,80,71,14,840,1,1,523.2696533,547.07470703125
10/5/2017 6:00:00 AM,65,60,6,360,5,0,294.3999939,312.391296386719
7/16/2017 8:00:00 AM,73,67,8,480,1,1,806.7489624,807.179321289063
6/6/2017 11:00:00 AM,55,53,11,660,3,0,571.7999878,599.684265136719
6/28/2017 7:00:00 PM,75,60,19,1140,4,0,485.1000061,477.846618652344
6/24/2017 1:00:00 AM,76,74,1,60,7,1,487.2999878,486.077392578125
7/12/2017 7:00:00 AM,78,72,7,420,4,0,748.7999878,749.685119628906
9/12/2017 10:00:00 PM,71,63,22,1320,3,0,466.2999878,469.391906738281
3/1/2017 2:00:00 AM,54,52,2,120,4,0,296.6000061,288.468383789063
1/5/2017 9:00:00 PM,32,26,21,1260,5,0,292.5750122,293.194366455078
9/13/2017 8:00:00 AM,68,61,8,480,4,0,390.7000122,365.900329589844
1/28/2017 1:00:00 AM,36,30,1,60,7,1,287.5,279.201202392578
8/8/2017 7:00:00 AM,66,65,7,420,3,0,646.5717163,641.600402832031
3/8/2017 5:00:00 PM,58,43,17,1020,4,0,337.6499939,332.0908203125
1/3/2017 5:00:00 PM,42,42,17,1020,3,0,457.1499939,464.735809326172
3/26/2017 3:00:00 AM,37,37,3,180,1,1,390.1749878,399.059783935547
10/17/2017 4:00:00 PM,58,46,16,960,3,0,406.8162231,392.844848632813
4/1/2017 5:00:00 PM,46,40,17,1020,7,1,536.6749878,524.637390136719
9/18/2017 9:00:00 AM,69,67,9,540,2,0,518.9877319,536.98681640625
9/28/2017 10:00:00 PM,62,52,22,1320,5,0,396.5,391.784851074219
6/2/2017 6:00:00 PM,72,55,18,1080,6,0,449.5,424.231018066406
3/11/2017 6:00:00 AM,18,14,6,360,7,1,281.2999878,275.057098388672
6/17/2017 9:00:00 PM,69,68,21,1260,7,1,418.2999878,391.520965576172
1/6/2017 11:00:00 PM,26,21,23,1380,6,0,306.1499939,310.68310546875
10/31/2017 10:00:00 AM,53,43,10,600,3,0,368.8999939,359.253967285156
1/11/2017 11:00:00 AM,47,42,11,660,4,0,324.4500122,365.819946289063
8/6/2017 8:00:00 AM,67,59,8,480,1,1,676.7659912,677.444152832031
9/2/2017 8:00:00 AM,60,53,8,480,7,1,394.125,392.906951904297
5/5/2017 3:00:00 AM,52,49,3,180,6,0,451.2999878,448.271362304688
11/13/2017 1:00:00 AM,44,38,1,60,2,0,301.7999878,273.652954101563
7/5/2017 8:00:00 AM,74,65,8,480,4,0,648.7999878,639.9921875
10/7/2017 6:00:00 PM,73,69,18,1080,7,1,493.7000122,483.740295410156
8/3/2017 5:00:00 AM,69,67,5,300,5,0,656.0999756,663.591674804688
11/1/2017 6:00:00 PM,56,48,18,1080,4,0,338,352.137512207031
7/7/2017 9:00:00 PM,72,71,21,1260,6,0,729.5,720.538269042969
7/18/2017 1:00:00 AM,76,71,1,60,3,0,835.4608765,844.044738769531
5/19/2017 5:00:00 PM,88,70,17,1020,6,0,359.2124329,362.653198242188
4/13/2017 11:00:00 AM,56,44,11,660,5,0,396.7000122,379.154602050781
5/31/2017 10:00:00 AM,62,60,10,600,4,0,330.2999878,419.880645751953
8/20/2017 6:00:00 AM,70,65,6,360,1,1,700.7999878,686.194213867188
8/6/2017 3:00:00 AM,66,58,3,180,1,1,691.4860229,676.93310546875
6/26/2017 12:00:00 AM,71,60,0,0,2,0,598.2000122,563.099548339844
1/18/2017 6:00:00 PM,39,38,18,1080,4,0,330.2999878,340.381866455078
3/3/2017 3:00:00 AM,32,25,3,180,6,0,281.519989,322.064880371094
7/24/2017 9:00:00 AM,66,65,9,540,2,0,656.5,652.264587402344
9/19/2017 7:00:00 PM,69,67,19,1140,3,0,511.3253784,500.629211425781
8/1/2017 2:00:00 AM,75,68,2,120,3,0,682.2999878,696.44580078125
5/17/2017 6:00:00 PM,87,70,18,1080,4,0,378.0918884,378.091918945313
3/22/2017 4:00:00 AM,43,35,4,240,4,0,385.375,391.615936279297
12/2/2017 1:00:00 AM,42,36,1,60,7,1,274.7750244,288.235260009766
3/15/2017 11:00:00 AM,23,19,11,660,4,0,530.375,541.183532714844
9/29/2017 2:00:00 AM,57,50,2,120,6,0,358.7000122,370.166931152344
11/15/2017 1:00:00 PM,47,41,13,780,4,0,401.6000061,389.397003173828
11/16/2017 12:00:00 AM,51,46,0,0,5,0,292.7999878,282.145446777344
12/8/2017 1:00:00 AM,39,33,1,60,6,0,283.993103,311.001831054688
8/28/2017 5:00:00 PM,73,59,17,1020,2,0,629.4000244,595.412963867188
11/22/2017 5:00:00 AM,55,51,5,300,4,0,257.373291,249.401519775391
3/9/2017 7:00:00 PM,53,40,19,1140,5,0,299.7250061,283.341583251953
9/8/2017 1:00:00 AM,61,55,1,60,6,0,594.2000122,578.790222167969
7/10/2017 9:00:00 AM,76,64,9,540,2,0,683.7000122,699.566528320313
11/29/2017 6:00:00 AM,50,46,6,360,4,0,261.2366638,286.557312011719
10/13/2017 12:00:00 PM,64,57,12,720,6,0,392,400.376098632813
9/12/2017 6:00:00 AM,61,58,6,360,3,0,352.2999878,374.329895019531
11/30/2017 1:00:00 PM,47,40,13,780,5,0,400.2581787,399.083251953125
11/3/2017 11:00:00 PM,52,44,23,1380,6,0,385.3999939,381.691558837891
12/1/2017 9:00:00 AM,46,41,9,540,6,0,318.4435425,347.310668945313
8/13/2017 1:00:00 AM,74,71,1,60,1,1,735.2000122,739.987060546875
4/2/2017 7:00:00 AM,42,37,7,420,1,1,459.4249878,462.040435791016
5/4/2017 3:00:00 PM,60,47,15,900,5,0,451.2999878,430.521423339844
11/18/2017 10:00:00 AM,46,39,10,600,7,1,284,297.947509765625
4/10/2017 1:00:00 AM,55,44,1,60,2,0,314.3999939,320.009613037109
3/19/2017 1:00:00 AM,35,32,1,60,1,1,459.3250122,453.642608642578
8/20/2017 3:00:00 AM,72,66,3,180,1,1,709.5,716.564025878906
11/9/2017 1:00:00 PM,53,46,13,780,5,0,398.8999939,415.408142089844
7/1/2017 12:00:00 PM,81,74,12,720,7,1,811.855896,800.316345214844
9/14/2017 5:00:00 AM,71,69,5,300,5,0,456.2000122,459.506500244141
7/3/2017 8:00:00 AM,79,68,8,480,2,0,675.6437378,640.694641113281
6/21/2017 11:00:00 AM,82,66,11,660,4,0,491,536.815612792969
8/27/2017 2:00:00 PM,77,58,14,840,1,1,606.2999878,596.637329101563
5/23/2017 12:00:00 PM,65,56,12,720,3,0,370.7999878,343.179138183594
3/4/2017 4:00:00 PM,29,21,16,960,7,1,307.2999878,309.936157226563
10/27/2017 7:00:00 AM,49,42,7,420,6,0,322.7814636,301.607574462891
7/10/2017 1:00:00 PM,83,70,13,780,2,0,746.5999756,748.080627441406
3/29/2017 2:00:00 PM,57,45,14,840,4,0,546.3250122,541.385009765625
11/2/2017 3:00:00 AM,61,59,3,180,5,0,280.1000061,299.237487792969
4/23/2017 11:00:00 PM,52,46,23,1380,1,1,313.7000122,312.923004150391
5/15/2017 7:00:00 AM,56,50,7,420,2,0,401.791626,418.749572753906
11/15/2017 2:00:00 PM,48,42,14,840,4,0,403.2000122,399.744873046875
10/26/2017 6:00:00 AM,53,47,6,360,5,0,287.8918762,284.097717285156
6/9/2017 4:00:00 PM,80,61,16,960,6,0,455.6000061,474.082641601563
3/15/2017 9:00:00 AM,23,19,9,540,4,0,505.375,497.845001220703
5/31/2017 6:00:00 AM,58,58,6,360,4,0,285.5,277.142181396484
4/14/2017 2:00:00 AM,51,41,2,120,6,0,319.1000061,342.853424072266
7/2/2017 1:00:00 PM,86,72,13,780,1,1,700.9250488,707.228698730469
3/28/2017 10:00:00 PM,44,44,22,1320,3,0,536.4249878,542.889038085938
10/6/2017 12:00:00 PM,79,66,12,720,6,0,510.1000061,528.53076171875
9/13/2017 9:00:00 PM,73,70,21,1260,4,0,556.9000244,535.107421875
10/24/2017 2:00:00 AM,69,66,2,120,3,0,319.0233459,402.015472412109
7/28/2017 6:00:00 AM,73,71,6,360,6,0,686.5,695.263366699219
7/20/2017 9:00:00 PM,78,72,21,1260,5,0,813.5999756,809.074279785156
3/25/2017 11:00:00 AM,58,48,11,660,7,1,491.625,497.745422363281
12/1/2017 1:00:00 AM,50,48,1,60,6,0,279.1298828,288.964538574219
5/2/2017 4:00:00 AM,68,65,4,240,3,0,459,452.714813232422
4/23/2017 10:00:00 PM,52,47,22,1320,1,1,317,327.153076171875
10/2/2017 7:00:00 PM,64,55,19,1140,2,0,466.7999878,470.802215576172
4/12/2017 3:00:00 PM,73,61,15,900,4,0,459.2999878,458.609832763672
4/29/2017 2:00:00 PM,84,69,14,840,7,1,503.5,497.457458496094
1/26/2017 5:00:00 PM,46,38,17,1020,5,0,345.7333374,328.602081298828
9/10/2017 11:00:00 PM,62,55,23,1380,1,1,407,386.016418457031
8/17/2017 7:00:00 AM,71,63,7,420,5,0,605.7999878,616.521911621094
1/2/2017 2:00:00 AM,38,34,2,120,2,0,443.7000122,450.81494140625
5/16/2017 6:00:00 PM,77,59,18,1080,3,0,387.7324524,380.059173583984
6/3/2017 5:00:00 PM,72,55,17,1020,7,1,366.7000122,328.381256103516
1/11/2017 7:00:00 PM,48,45,19,1140,4,0,327.0499878,325.294128417969
1/10/2017 12:00:00 PM,33,27,12,720,3,0,427.0249939,441.445770263672
1/1/2017 4:00:00 PM,47,36,16,960,1,1,434.4500122,424.463592529297
4/8/2017 2:00:00 AM,40,35,2,120,7,1,282.3500061,277.2236328125
10/29/2017 7:00:00 PM,65,64,19,1140,1,1,471.2000122,469.687164306641
6/26/2017 3:00:00 PM,77,62,15,900,2,0,458.2000122,498.719360351563
6/30/2017 5:00:00 AM,74,67,5,300,6,0,619.7999878,666.859985351563
10/27/2017 7:00:00 PM,57,50,19,1140,6,0,372.4454041,355.205383300781
4/11/2017 5:00:00 PM,74,61,17,1020,3,0,464.3999939,482.504272460938
10/19/2017 6:00:00 AM,56,51,6,360,5,0,290.2501221,287.304565429688
9/27/2017 12:00:00 PM,84,75,12,720,4,0,647.5,717.027648925781
6/22/2017 3:00:00 PM,82,69,15,900,5,0,448.2999878,480.642639160156
10/18/2017 3:00:00 AM,51,45,3,180,4,0,280.7125549,288.865936279297
11/1/2017 8:00:00 AM,49,42,8,480,4,0,280.5,318.831115722656
3/20/2017 8:00:00 AM,35,29,8,480,2,0,477.625,439.261596679688
5/23/2017 1:00:00 AM,59,58,1,60,3,0,327,281.871307373047
3/15/2017 1:00:00 AM,21,17,1,60,4,0,461.6000061,420.807006835938
3/10/2017 8:00:00 AM,33,33,8,480,6,0,283.2000122,265.428070068359
8/18/2017 12:00:00 AM,75,73,0,0,6,0,781.7999878,783.919067382813
8/11/2017 11:00:00 PM,73,68,23,1380,6,0,703.3250122,638.025756835938
3/24/2017 1:00:00 AM,37,31,1,60,6,0,467.0499878,477.159820556641
9/15/2017 1:00:00 PM,79,69,13,780,6,0,534.3125,528.660278320313
3/22/2017 1:00:00 PM,32,23,13,780,4,0,534.3499756,535.26708984375
11/29/2017 9:00:00 AM,50,45,9,540,4,0,552.5281982,442.893981933594
4/15/2017 3:00:00 AM,51,43,3,180,7,1,285.5,298.422912597656
3/23/2017 3:00:00 PM,41,29,15,900,5,0,556.1500244,551.67822265625
6/4/2017 3:00:00 AM,59,50,3,180,1,1,283.7999878,279.406494140625
1/7/2017 2:00:00 PM,20,19,14,840,7,1,310.9249878,305.841278076172
9/11/2017 5:00:00 PM,75,60,17,1020,2,0,477.6000061,472.308380126953
12/3/2017 2:00:00 PM,48,43,14,840,1,1,309.7527771,323.201782226563
8/10/2017 10:00:00 PM,72,63,22,1320,5,0,596.4013062,582.55615234375
3/24/2017 3:00:00 PM,51,42,15,900,6,0,517.4749756,559.8935546875
8/3/2017 12:00:00 PM,85,72,12,720,5,0,769,795.789489746094
3/20/2017 4:00:00 AM,34,28,4,240,2,0,434.875,438.038024902344
9/15/2017 2:00:00 PM,78,69,14,840,6,0,534.0870972,522.40625
3/7/2017 4:00:00 AM,44,40,4,240,3,0,350.7999878,337.597320556641
11/10/2017 7:00:00 AM,38,32,7,420,6,0,270.2999878,304.929443359375
11/3/2017 4:00:00 AM,63,61,4,240,6,0,296.6000061,298.566497802734
7/10/2017 11:00:00 PM,77,70,23,1380,2,0,681.7999878,710.542358398438
10/14/2017 2:00:00 PM,71,65,14,840,7,1,458,429.378051757813
5/26/2017 4:00:00 AM,56,55,4,240,6,0,285.1000061,283.838073730469
5/2/2017 12:00:00 PM,74,60,12,720,3,0,480.7999878,484.313079833984
3/29/2017 10:00:00 AM,48,43,10,600,4,0,489.9249878,520.956909179688
10/15/2017 3:00:00 PM,72,66,15,900,1,1,446.6472473,446.939910888672
4/17/2017 10:00:00 PM,62,46,22,1320,2,0,418.7000122,455.648223876953
1/25/2017 11:00:00 PM,51,43,23,1380,4,0,292.8500061,308.455596923828
5/4/2017 2:00:00 AM,50,42,2,120,5,0,451.2999878,464.657928466797
9/17/2017 2:00:00 AM,70,67,2,120,1,1,525.973999,530.48828125
10/2/2017 9:00:00 AM,61,53,9,540,2,0,417.8999939,420.045288085938
11/28/2017 10:00:00 AM,41,35,10,600,3,0,355.9927979,345.847778320313
7/26/2017 3:00:00 AM,66,61,3,180,4,0,611.7000122,597.975036621094
10/22/2017 7:00:00 AM,58,54,7,420,1,1,286.3134155,252.673690795898
7/11/2017 1:00:00 AM,77,71,1,60,3,0,695.0999756,702.481628417969
11/8/2017 2:00:00 PM,48,43,14,840,4,0,410.2000122,416.838226318359
8/30/2017 5:00:00 AM,61,58,5,300,4,0,550.4000244,560.063110351563
3/18/2017 9:00:00 PM,36,34,21,1260,7,1,468.9750061,465.122955322266
9/29/2017 3:00:00 PM,67,54,15,900,6,0,434.5,407.24267578125
7/15/2017 11:00:00 PM,75,66,23,1380,7,1,800.4463501,746.097106933594
9/18/2017 8:00:00 PM,71,68,20,1200,2,0,516.508728,532.262512207031
6/20/2017 1:00:00 PM,82,67,13,780,3,0,511.5,497.419830322266
7/7/2017 9:00:00 AM,70,69,9,540,6,0,672.9000244,691.941101074219
4/14/2017 1:00:00 PM,65,48,13,780,6,0,396.8999939,422.751770019531
3/30/2017 12:00:00 AM,42,35,0,0,5,0,451.5249939,445.911956787109
3/2/2017 12:00:00 PM,45,35,12,720,5,0,364.5499878,375.703765869141
3/15/2017 11:00:00 PM,26,22,23,1380,4,0,473.0249939,500.962158203125
3/6/2017 9:00:00 PM,41,34,21,1260,2,0,296.0750122,292.156005859375
7/2/2017 6:00:00 AM,73,71,6,360,1,1,738.7666626,718.505249023438
8/28/2017 2:00:00 PM,74,60,14,840,2,0,641.7000122,628.936950683594
6/17/2017 6:00:00 AM,67,65,6,360,7,1,323.3999939,326.620880126953
7/4/2017 9:00:00 PM,77,65,21,1260,3,0,651.5999756,643.053344726563
4/18/2017 9:00:00 PM,50,45,21,1260,3,0,575.7000122,608.717895507813
1/24/2017 8:00:00 PM,38,37,20,1200,3,0,310.2000122,309.419891357422
5/9/2017 8:00:00 PM,52,47,20,1200,3,0,451.2999878,463.889556884766
4/11/2017 6:00:00 AM,62,54,6,360,3,0,287.1000061,298.162994384766
5/14/2017 12:00:00 PM,64,54,12,720,1,1,409.4237366,404.144622802734
3/3/2017 2:00:00 PM,37,27,14,840,6,0,394.8500061,394.864135742188
6/24/2017 12:00:00 PM,82,66,12,720,7,1,429.7000122,395.863494873047
5/16/2017 2:00:00 PM,77,59,14,840,3,0,389.3392029,384.713836669922
1/27/2017 8:00:00 PM,39,33,20,1200,6,0,306.5249939,304.305297851563
1/7/2017 11:00:00 PM,21,19,23,1380,7,1,302.3500061,308.255798339844
8/14/2017 6:00:00 AM,70,64,6,360,2,0,617.2999878,614.77490234375
6/25/2017 6:00:00 PM,76,65,18,1080,1,1,413.6000061,439.538391113281
4/23/2017 7:00:00 PM,53,47,19,1140,1,1,327.8999939,349.523773193359
9/16/2017 2:00:00 PM,82,72,14,840,7,1,528.6784058,533.142150878906
11/29/2017 5:00:00 AM,50,47,5,300,4,0,266.6021118,272.500213623047
10/14/2017 7:00:00 PM,70,65,19,1140,7,1,461.2000122,468.279235839844
10/31/2017 6:00:00 PM,52,43,18,1080,3,0,381.5,394.199920654297
5/6/2017 7:00:00 AM,57,57,7,420,7,1,451.2999878,446.0546875
1/4/2017 8:00:00 PM,41,32,20,1200,4,0,465.7799988,463.9033203125
9/11/2017 9:00:00 AM,63,56,9,540,2,0,411,460.299194335938
8/9/2017 6:00:00 AM,66,61,6,360,4,0,648.036499,656.096435546875
3/18/2017 10:00:00 PM,36,33,22,1320,7,1,456.7250061,451.700408935547
10/4/2017 6:00:00 PM,71,62,18,1080,4,0,512.9000244,495.894653320313
10/24/2017 3:00:00 PM,68,67,15,900,3,0,570.9061279,551.381652832031
3/25/2017 9:00:00 AM,57,48,9,540,7,1,485.4500122,471.432952880859
5/25/2017 10:00:00 AM,57,56,10,600,5,0,434,462.813659667969
8/28/2017 4:00:00 PM,73,60,16,960,2,0,650.2999878,620.225036621094
11/13/2017 9:00:00 AM,42,40,9,540,2,0,338.2999878,356.606231689453
4/27/2017 3:00:00 AM,58,58,3,180,5,0,317.2000122,334.133392333984
7/16/2017 4:00:00 AM,70,65,4,240,1,1,803.9478149,800.722839355469
3/6/2017 12:00:00 PM,40,29,12,720,2,0,306.9500122,304.168090820313
6/18/2017 6:00:00 PM,82,74,18,1080,1,1,508.2000122,503.628997802734
9/5/2017 6:00:00 PM,79,72,18,1080,3,0,727.9000244,733.415222167969
11/12/2017 3:00:00 AM,33,29,3,180,1,1,280.7999878,276.598571777344
8/23/2017 3:00:00 AM,73,72,3,180,4,0,697.4000244,688.646423339844
1/30/2017 3:00:00 AM,34,29,3,180,2,0,283.5,277.046020507813
9/6/2017 1:00:00 PM,63,61,13,780,4,0,704,688.927856445313
3/11/2017 4:00:00 PM,28,22,16,960,7,1,300.4500122,298.238250732422
9/6/2017 2:00:00 AM,70,65,2,120,4,0,594.5,561.136474609375
3/15/2017 5:00:00 AM,20,17,5,300,4,0,435.7200012,444.112701416016
11/12/2017 7:00:00 AM,34,30,7,420,1,1,262.1000061,283.034698486328
8/28/2017 3:00:00 PM,73,60,15,900,2,0,646.2000122,617.185546875
6/1/2017 8:00:00 AM,66,62,8,480,5,0,426.1000061,394.952728271484
1/24/2017 4:00:00 PM,36,36,16,960,3,0,360.0499878,352.455902099609
5/29/2017 5:00:00 PM,56,54,17,1020,2,0,310.8999939,318.697662353516
8/24/2017 6:00:00 PM,76,61,18,1080,5,0,635.7000122,672.969421386719
1/6/2017 12:00:00 PM,31,26,12,720,6,0,333.0499878,320.1552734375
1/24/2017 7:00:00 PM,38,37,19,1140,3,0,312.9500122,315.681579589844
7/17/2017 4:00:00 AM,73,69,4,240,2,0,820.7547607,816.974243164063
8/7/2017 6:00:00 PM,66,65,18,1080,2,0,647.1843262,629.07470703125
5/31/2017 9:00:00 AM,61,60,9,540,4,0,321.8999939,361.937805175781
6/20/2017 6:00:00 AM,72,71,6,360,3,0,434.3999939,422.446014404297
10/3/2017 2:00:00 AM,59,53,2,120,3,0,332.8999939,320.304107666016
8/14/2017 9:00:00 AM,78,68,9,540,2,0,665.2999878,681.932250976563
7/14/2017 8:00:00 AM,66,65,8,480,6,0,773.1350708,702.082641601563
7/19/2017 3:00:00 AM,77,73,3,180,4,0,853.668396,850.824523925781
8/5/2017 6:00:00 AM,70,69,6,360,7,1,753.3099976,734.997314453125
8/27/2017 5:00:00 AM,63,55,5,300,1,1,544.0999756,549.453186035156
3/7/2017 3:00:00 PM,51,48,15,900,3,0,374.8250122,376.48388671875
6/27/2017 5:00:00 PM,73,62,17,1020,3,0,473.8999939,458.399505615234
3/31/2017 10:00:00 AM,41,40,10,600,6,0,557.625,563.696533203125
12/8/2017 9:00:00 AM,34,28,9,540,6,0,318.8734741,297.290466308594
9/22/2017 11:00:00 AM,78,63,11,660,6,0,446.5,420.599090576172
3/15/2017 3:00:00 AM,21,17,3,180,4,0,446.7250061,452.104034423828
4/5/2017 9:00:00 PM,47,45,21,1260,4,0,602.9749756,570.824645996094
8/27/2017 3:00:00 AM,64,55,3,180,1,1,554.4000244,543.816650390625
5/18/2017 9:00:00 PM,83,71,21,1260,5,0,367.2462463,388.654083251953
12/5/2017 12:00:00 AM,50,44,0,0,3,0,304.4570007,327.373352050781
4/5/2017 11:00:00 AM,56,50,11,660,4,0,601.3250122,597.130249023438
12/2/2017 5:00:00 AM,39,35,5,300,7,1,270.710907,276.364837646484
8/24/2017 8:00:00 AM,69,61,8,480,5,0,597,594.122436523438
10/19/2017 7:00:00 AM,57,51,7,420,5,0,304.6111145,310.715484619141
1/4/2017 2:00:00 PM,51,45,14,840,4,0,525.2999878,535.138366699219
1/13/2017 10:00:00 PM,33,27,22,1320,6,0,276.4750061,279.178314208984
6/24/2017 7:00:00 PM,82,66,19,1140,7,1,392,418.946563720703
5/27/2017 4:00:00 PM,71,62,16,960,7,1,310.3999939,301.232025146484
4/13/2017 1:00:00 PM,60,46,13,780,5,0,417.2999878,428.554595947266
10/31/2017 4:00:00 PM,55,44,16,960,3,0,408.7000122,402.218078613281
3/17/2017 4:00:00 PM,46,34,16,960,6,0,481.6499939,500.621368408203
9/4/2017 7:00:00 AM,63,59,7,420,2,0,546.3250122,532.026000976563
10/6/2017 1:00:00 AM,70,67,1,60,6,0,475.5,472.824676513672
11/8/2017 5:00:00 AM,41,38,5,300,4,0,295.2999878,298.908172607422
5/30/2017 6:00:00 AM,56,54,6,360,3,0,282.5,291.312927246094
10/22/2017 2:00:00 AM,62,53,2,120,1,1,272.9168701,290.469573974609
11/14/2017 4:00:00 AM,38,35,4,240,3,0,255.3000031,259.507690429688
10/12/2017 12:00:00 PM,61,55,12,720,5,0,466.2999878,506.592864990234
5/28/2017 6:00:00 PM,64,56,18,1080,1,1,299.3999939,300.352203369141
3/31/2017 7:00:00 PM,39,39,19,1140,6,0,561.375,567.902282714844
7/1/2017 6:00:00 PM,79,74,18,1080,7,1,804.765564,816.802368164063
5/17/2017 2:00:00 AM,67,56,2,120,4,0,384.5189209,401.149291992188
11/15/2017 11:00:00 PM,49,44,23,1380,4,0,290.2999878,318.796203613281
5/2/2017 1:00:00 PM,72,59,13,780,3,0,479.2000122,443.426330566406
4/25/2017 12:00:00 AM,51,48,0,0,3,0,365.7999878,382.415161132813
9/13/2017 6:00:00 PM,71,68,18,1080,4,0,547.5999756,541.007263183594
8/10/2017 11:00:00 PM,71,63,23,1380,5,0,601.1732178,572.026611328125
9/6/2017 3:00:00 AM,70,65,3,180,4,0,556.9000244,540.185546875
11/2/2017 12:00:00 PM,70,65,12,720,5,0,400.5,447.57763671875
8/8/2017 10:00:00 AM,69,65,10,600,3,0,646.4303589,657.162719726563
8/9/2017 4:00:00 AM,65,61,4,240,4,0,631.1013794,644.471801757813
1/3/2017 8:00:00 AM,39,39,8,480,3,0,450.5499878,456.123107910156
3/21/2017 5:00:00 PM,58,45,17,1020,3,0,473.0249939,490.010925292969
5/27/2017 12:00:00 PM,69,61,12,720,7,1,293,312.608551025391
1/18/2017 11:00:00 PM,40,38,23,1380,4,0,283.25,290.138061523438
6/5/2017 12:00:00 PM,67,63,12,720,2,0,622.2999878,584.285583496094
4/20/2017 6:00:00 PM,61,56,18,1080,5,0,401.5,422.095245361328
7/11/2017 4:00:00 AM,76,70,4,240,3,0,673.9000244,675.639953613281
11/28/2017 1:00:00 AM,39,33,1,60,3,0,281.8566589,282.840728759766
3/16/2017 1:00:00 AM,26,21,1,60,5,0,469.6000061,473.000122070313
11/21/2017 9:00:00 PM,53,46,21,1260,3,0,294.4042053,310.857025146484
3/30/2017 4:00:00 AM,39,33,4,240,5,0,387.5499878,378.748229980469
9/28/2017 4:00:00 PM,74,59,16,960,5,0,478.1000061,494.642883300781
7/25/2017 10:00:00 PM,68,62,22,1320,3,0,609.7999878,630.756225585938
12/6/2017 1:00:00 AM,58,56,1,60,4,0,296.4646606,281.838592529297
8/9/2017 1:00:00 AM,68,63,1,60,4,0,645.7235718,653.183898925781
4/2/2017 12:00:00 PM,57,44,12,720,1,1,475.5499878,506.079193115234
9/28/2017 7:00:00 PM,67,55,19,1140,5,0,432.8999939,445.168304443359
7/24/2017 2:00:00 AM,73,69,2,120,2,0,633.9000244,640.42431640625
10/31/2017 8:00:00 AM,49,43,8,480,3,0,312.8999939,337.633819580078
1/6/2017 11:00:00 AM,31,26,11,660,6,0,328.0249939,331.854125976563
4/21/2017 12:00:00 AM,54,51,0,0,6,0,363.8999939,372.948913574219
1/26/2017 1:00:00 PM,53,48,13,780,5,0,371.25,386.458343505859
3/9/2017 1:00:00 PM,59,42,13,780,5,0,341.2799988,337.695922851563
7/21/2017 1:00:00 AM,78,71,1,60,6,0,764.4000244,758.582641601563
6/17/2017 4:00:00 AM,66,64,4,240,7,1,323.8999939,332.377624511719
8/8/2017 4:00:00 AM,66,65,4,240,3,0,646.7130737,643.997192382813
6/21/2017 4:00:00 AM,72,66,4,240,4,0,445.3999939,435.982208251953
5/8/2017 9:00:00 PM,53,44,21,1260,2,0,451.2999878,463.669067382813
7/9/2017 7:00:00 PM,78,64,19,1140,1,1,645.9000244,669.249206542969
5/8/2017 8:00:00 PM,54,44,20,1200,2,0,451.2999878,456.582611083984
10/27/2017 4:00:00 PM,60,49,16,960,6,0,392.7922058,398.955322265625
5/9/2017 7:00:00 AM,49,43,7,420,3,0,451.2999878,434.709106445313
4/1/2017 1:00:00 AM,38,37,1,60,7,1,507.3500061,485.934204101563
10/14/2017 3:00:00 AM,63,62,3,180,7,1,291,288.232238769531
7/4/2017 7:00:00 PM,79,66,19,1140,3,0,651.6900024,652.588012695313
1/12/2017 1:00:00 AM,48,47,1,60,5,0,293.0249939,297.403350830078
8/25/2017 4:00:00 AM,64,59,4,240,6,0,572.2000122,556.718566894531
5/24/2017 2:00:00 PM,67,56,14,840,4,0,420.2000122,406.548126220703
3/16/2017 5:00:00 AM,24,20,5,300,5,0,439.0750122,449.688079833984
7/31/2017 12:00:00 AM,70,61,0,0,2,0,631.2000122,610.873107910156
9/21/2017 5:00:00 AM,72,67,5,300,5,0,407.1000061,409.310272216797
10/19/2017 11:00:00 PM,62,54,23,1380,5,0,439.7000122,442.701751708984
7/18/2017 5:00:00 PM,83,74,17,1020,3,0,846.6654663,848.976440429688
4/21/2017 5:00:00 PM,51,49,17,1020,6,0,411.2999878,398.329376220703
9/7/2017 9:00:00 AM,62,59,9,540,5,0,637.4000244,671.178466796875
10/16/2017 5:00:00 AM,61,56,5,300,2,0,293.052887,315.765899658203
4/14/2017 8:00:00 PM,55,44,20,1200,6,0,358,353.480743408203
1/24/2017 9:00:00 PM,36,35,21,1260,3,0,302.6000061,305.466278076172
4/26/2017 2:00:00 AM,54,54,2,120,4,0,340.8999939,335.456451416016
4/3/2017 1:00:00 AM,53,42,1,60,2,0,537.75,503.775482177734
6/16/2017 12:00:00 AM,65,60,0,0,6,0,381.8999939,395.398986816406
1/30/2017 10:00:00 AM,34,27,10,600,2,0,283.5,329.269958496094
9/20/2017 11:00:00 AM,77,69,11,660,4,0,536.0999756,517.341186523438
5/11/2017 10:00:00 AM,57,46,10,600,5,0,439.1488342,467.579833984375
9/25/2017 2:00:00 PM,87,72,14,840,2,0,620,617.368774414063
7/18/2017 9:00:00 AM,80,73,9,540,3,0,841.0631714,813.288696289063
4/18/2017 12:00:00 PM,62,48,12,720,3,0,641.4000244,448.462341308594
9/16/2017 7:00:00 AM,71,69,7,420,7,1,530.2559204,527.266296386719
3/2/2017 8:00:00 AM,46,37,8,480,5,0,279.5,287.200317382813
10/27/2017 12:00:00 PM,61,49,12,720,6,0,398.0168762,446.049255371094
5/3/2017 4:00:00 PM,63,49,16,960,4,0,451.2999878,467.443786621094
1/16/2017 11:00:00 AM,36,31,11,660,2,0,252.5,288.081420898438
9/25/2017 4:00:00 AM,73,68,4,240,2,0,431.2000122,460.030303955078
6/20/2017 7:00:00 PM,80,64,19,1140,3,0,461.7000122,469.347991943359
5/7/2017 11:00:00 PM,48,43,23,1380,1,1,451.2999878,444.139953613281
4/3/2017 6:00:00 PM,53,46,18,1080,2,0,599.6500244,617.091613769531
12/4/2017 8:00:00 PM,49,44,20,1200,2,0,333.1005859,363.979614257813
12/7/2017 7:00:00 PM,42,34,19,1140,5,0,338.5665588,333.34521484375
6/3/2017 10:00:00 AM,62,55,10,600,7,1,399.3999939,410.650329589844
1/28/2017 8:00:00 AM,34,29,8,480,7,1,283.5,297.932373046875
12/5/2017 9:00:00 PM,58,57,21,1260,3,0,328.2973328,314.919006347656
8/21/2017 5:00:00 PM,82,72,17,1020,2,0,700.7999878,679.472961425781
7/14/2017 9:00:00 AM,66,65,9,540,6,0,773.8353271,709.476867675781
3/13/2017 1:00:00 AM,22,17,1,60,2,0,283.3250122,282.047088623047
6/4/2017 8:00:00 AM,66,54,8,480,1,1,303.6000061,286.447082519531
7/26/2017 1:00:00 PM,75,64,13,780,4,0,692.2000122,680.344177246094
8/11/2017 3:00:00 AM,72,63,3,180,6,0,620.2609863,610.93115234375
11/10/2017 11:00:00 AM,35,27,11,660,6,0,338.7000122,346.919860839844
1/4/2017 9:00:00 PM,39,30,21,1260,4,0,466.6000061,471.132293701172
4/16/2017 12:00:00 PM,84,64,12,720,1,1,627.5999756,561.300109863281
7/17/2017 10:00:00 PM,77,74,22,1320,2,0,833.3599854,832.566040039063
7/12/2017 4:00:00 AM,79,72,4,240,4,0,748.7999878,748.429077148438
8/11/2017 9:00:00 AM,76,67,9,540,6,0,648.8925171,648.326171875
8/14/2017 5:00:00 PM,76,68,17,1020,2,0,733.2000122,695.530029296875
10/14/2017 10:00:00 AM,66,64,10,600,7,1,307.7999878,317.519714355469
4/2/2017 11:00:00 AM,54,43,11,660,1,1,457.5499878,508.049987792969
6/12/2017 4:00:00 PM,92,71,16,960,2,0,614.2000122,600.846374511719
9/25/2017 1:00:00 AM,76,69,1,60,2,0,480.7999878,469.749847412109
7/3/2017 1:00:00 AM,79,70,1,60,2,0,704.8687744,701.583435058594
5/5/2017 7:00:00 PM,59,58,19,1140,6,0,451.2999878,465.312255859375
7/8/2017 11:00:00 PM,75,66,23,1380,7,1,652.7999878,660.440185546875
6/18/2017 10:00:00 PM,77,74,22,1320,1,1,469.1000061,507.891937255859
9/26/2017 3:00:00 AM,70,66,3,180,3,0,417.6000061,418.389556884766
10/24/2017 7:00:00 PM,68,67,19,1140,3,0,503.4928894,525.057556152344
1/27/2017 3:00:00 AM,41,35,3,180,6,0,267.0750122,260.214263916016
5/18/2017 10:00:00 AM,86,71,10,600,5,0,371.6648254,363.764221191406
7/5/2017 4:00:00 AM,72,63,4,240,4,0,634.9000244,626.238647460938
5/4/2017 1:00:00 PM,63,48,13,780,5,0,451.2999878,408.40576171875
12/8/2017 5:00:00 AM,36,30,5,300,6,0,281.3728638,276.581451416016
3/5/2017 10:00:00 AM,20,14,10,600,1,1,295.7000122,285.988464355469
3/12/2017 3:00:00 PM,29,22,15,900,1,1,277.9750061,285.949829101563
1/14/2017 4:00:00 AM,30,25,4,240,7,1,290.6000061,271.084686279297
9/10/2017 1:00:00 PM,72,59,13,780,1,1,428.8999939,414.813903808594
12/9/2017 11:00:00 PM,31,30,23,1380,7,1,283,284.720153808594
6/20/2017 10:00:00 AM,77,66,10,600,3,0,517.7999878,485.331878662109
9/26/2017 1:00:00 AM,70,67,1,60,3,0,466.8999939,464.424713134766
8/23/2017 10:00:00 AM,76,63,10,600,4,0,649.5999756,682.358337402344
8/8/2017 8:00:00 PM,73,63,20,1200,3,0,645.9591675,658.961486816406
7/15/2017 11:00:00 AM,79,72,11,660,7,1,792.0429077,820.412536621094
10/13/2017 1:00:00 AM,55,50,1,60,6,0,323.1000061,350.579315185547
11/25/2017 7:00:00 AM,43,38,7,420,7,1,259.2600708,301.183990478516
5/6/2017 4:00:00 PM,61,57,16,960,7,1,451.2999878,443.634033203125
10/13/2017 8:00:00 AM,55,51,8,480,6,0,323.7999878,374.089935302734
6/1/2017 6:00:00 AM,62,60,6,360,5,0,411.8999939,426.183807373047
6/26/2017 2:00:00 PM,77,61,14,840,2,0,448.3999939,522.4345703125
8/4/2017 12:00:00 PM,82,74,12,720,6,0,781,774.659973144531
5/6/2017 3:00:00 AM,61,60,3,180,7,1,451.2999878,468.801849365234
5/31/2017 10:00:00 PM,65,63,22,1320,4,0,428.2000122,410.857330322266
4/23/2017 5:00:00 AM,46,41,5,300,1,1,266.6000061,284.811187744141
7/7/2017 1:00:00 PM,73,70,13,780,6,0,689.5999756,707.811584472656
12/9/2017 7:00:00 AM,35,29,7,420,7,1,283,275.790954589844
1/2/2017 3:00:00 PM,39,38,15,900,2,0,453.9500122,452.107818603516
3/31/2017 1:00:00 AM,40,38,1,60,6,0,491.1749878,496.200805664063
11/20/2017 10:00:00 AM,40,34,10,600,2,0,346.9855652,359.669067382813
3/26/2017 5:00:00 PM,41,38,17,1020,1,1,468.5499878,477.751556396484
7/4/2017 2:00:00 AM,72,69,2,120,3,0,661.625,680.4638671875
1/2/2017 7:00:00 AM,39,33,7,420,2,0,431.3500061,436.767791748047
1/26/2017 12:00:00 PM,51,46,12,720,5,0,387.3999939,377.505187988281
5/10/2017 8:00:00 PM,52,45,20,1200,4,0,444.772522,431.826965332031
7/6/2017 4:00:00 AM,72,65,4,240,5,0,633.5999756,633.97314453125
4/16/2017 3:00:00 AM,60,58,3,180,1,1,304.6000061,294.644683837891
6/18/2017 3:00:00 AM,71,70,3,180,1,1,393.1000061,394.878967285156
5/29/2017 1:00:00 PM,58,56,13,780,2,0,311.7000122,332.544891357422
7/21/2017 6:00:00 AM,77,70,6,360,6,0,788.5,775.824401855469
6/12/2017 8:00:00 PM,86,70,20,1200,2,0,569,552.440185546875
5/20/2017 8:00:00 AM,60,52,8,480,7,1,353.1870728,360.744171142578
11/14/2017 9:00:00 AM,41,37,9,540,3,0,282.6000061,295.288452148438
10/20/2017 2:00:00 PM,73,52,14,840,6,0,524.2573242,504.828247070313
7/1/2017 3:00:00 AM,76,71,3,180,7,1,822.491394,815.562744140625
5/19/2017 7:00:00 PM,87,69,19,1140,6,0,358.4090271,368.392059326172
8/28/2017 12:00:00 AM,68,60,0,0,2,0,594.2000122,587.057678222656
10/25/2017 3:00:00 AM,64,63,3,180,4,0,298.0627136,317.299224853516
11/1/2017 7:00:00 AM,47,41,7,420,4,0,280.7999878,268.959777832031
1/20/2017 1:00:00 AM,42,38,1,60,6,0,276.125,277.999664306641
5/13/2017 4:00:00 PM,50,49,16,960,7,1,417.45755,412.158599853516
3/12/2017 5:00:00 PM,28,22,17,1020,1,1,286.7250061,288.540130615234
4/2/2017 10:00:00 PM,56,44,22,1320,1,1,563.2249756,574.451049804688
11/2/2017 12:00:00 AM,59,55,0,0,5,0,324.1000061,347.359069824219
6/10/2017 1:00:00 PM,83,66,13,780,7,1,457.2000122,451.6279296875
7/23/2017 4:00:00 PM,78,71,16,960,1,1,659.9000244,655.408813476563
11/7/2017 2:00:00 PM,47,41,14,840,3,0,468.2000122,447.433502197266
1/9/2017 3:00:00 PM,22,18,15,900,2,0,341.7000122,328.687377929688
11/10/2017 3:00:00 PM,34,26,15,900,6,0,366.3999939,359.084411621094
9/17/2017 5:00:00 AM,70,69,5,300,1,1,525.2979126,508.767272949219
8/14/2017 1:00:00 PM,80,70,13,780,2,0,750.5999756,719.939025878906
10/29/2017 4:00:00 PM,64,64,16,960,1,1,487.7000122,482.940185546875
10/1/2017 11:00:00 PM,59,50,23,1380,1,1,344.5,353.026062011719
9/30/2017 7:00:00 PM,56,51,19,1140,7,1,338,345.349609375
7/14/2017 6:00:00 PM,68,67,18,1080,6,0,780.1379395,779.895874023438
12/7/2017 6:00:00 AM,38,32,6,360,5,0,278.9659729,262.121551513672
7/22/2017 5:00:00 AM,78,71,5,300,7,1,722.7000122,709.362426757813
10/20/2017 5:00:00 AM,58,52,5,300,6,0,294.5920105,278.177368164063
11/8/2017 9:00:00 AM,41,38,9,540,4,0,316.2999878,332.62548828125
1/24/2017 5:00:00 PM,36,36,17,1020,3,0,335.2000122,336.917999267578
12/7/2017 10:00:00 PM,41,34,22,1320,5,0,291.0506287,303.185852050781
5/5/2017 8:00:00 PM,59,58,20,1200,6,0,451.2999878,454.168762207031
1/6/2017 6:00:00 AM,28,26,6,360,6,0,299.2250061,294.623443603516
10/21/2017 9:00:00 AM,64,51,9,540,7,1,320.3929749,303.201873779297
5/30/2017 4:00:00 AM,55,54,4,240,3,0,279.6000061,296.487243652344
9/30/2017 4:00:00 PM,60,54,16,960,7,1,378.7999878,356.656219482422
6/14/2017 4:00:00 AM,73,69,4,240,4,0,473.7000122,531.404724121094
4/15/2017 12:00:00 AM,53,44,0,0,7,1,323.8999939,340.577819824219
4/10/2017 6:00:00 AM,55,44,6,360,2,0,289.8999939,263.945587158203
6/17/2017 6:00:00 PM,72,69,18,1080,7,1,431.7999878,428.405609130859
7/12/2017 6:00:00 AM,77,72,6,360,4,0,748.7999878,732.55908203125
11/10/2017 2:00:00 PM,35,27,14,840,6,0,354.8999939,353.554504394531
11/5/2017 6:00:00 AM,53,50,6,360,1,1,345.3999939,350.917053222656
5/22/2017 4:00:00 PM,59,59,16,960,2,0,414.6000061,380.419769287109
7/20/2017 1:00:00 PM,93,75,13,780,5,0,904.2999878,914.892150878906
5/14/2017 6:00:00 PM,62,53,18,1080,1,1,407.0136108,418.907470703125
3/27/2017 9:00:00 PM,48,47,21,1260,2,0,554.2249756,546.023071289063
1/20/2017 9:00:00 PM,41,40,21,1260,6,0,282.125,280.785034179688
7/8/2017 10:00:00 AM,79,73,10,600,7,1,728,740.314147949219
9/14/2017 2:00:00 PM,78,70,14,840,5,0,580.5,554.291442871094
11/23/2017 8:00:00 PM,40,33,20,1200,5,0,256.660553,244.974487304688
4/4/2017 9:00:00 PM,47,46,21,1260,3,0,579.2750244,539.327758789063
6/21/2017 7:00:00 PM,80,66,19,1140,4,0,445.7000122,461.852111816406
3/17/2017 7:00:00 AM,30,26,7,420,6,0,444.875,440.392059326172
3/19/2017 2:00:00 PM,46,36,14,840,1,1,450.6749878,452.276550292969
3/12/2017 4:00:00 AM,21,17,4,240,1,1,281.1000061,285.493804931641
8/22/2017 10:00:00 PM,82,75,22,1320,3,0,808.4000244,807.532409667969
9/17/2017 7:00:00 PM,71,68,19,1140,1,1,522.1428223,522.58740234375
4/16/2017 3:00:00 PM,83,64,15,900,1,1,450.5,480.140167236328
4/23/2017 9:00:00 AM,54,46,9,540,1,1,274,273.662811279297
5/13/2017 1:00:00 AM,53,49,1,60,7,1,423.4829102,429.309814453125
7/18/2017 8:00:00 PM,80,73,20,1200,3,0,848.7663574,844.826293945313
9/15/2017 11:00:00 AM,76,68,11,660,6,0,534.7631836,528.085021972656
10/26/2017 2:00:00 PM,57,48,14,840,5,0,411.9116516,416.353210449219
9/10/2017 7:00:00 PM,67,55,19,1140,1,1,409.8999939,410.394927978516
3/27/2017 6:00:00 PM,49,47,18,1080,2,0,560.6500244,546.476135253906
5/1/2017 6:00:00 AM,50,49,6,360,2,0,301.7000122,296.234344482422
10/25/2017 9:00:00 AM,59,53,9,540,4,0,416.7721558,411.917602539063
8/27/2017 4:00:00 AM,64,56,4,240,1,1,553.7999878,574.946228027344
11/16/2017 8:00:00 AM,52,51,8,480,5,0,285.2999878,296.983489990234
1/10/2017 8:00:00 PM,40,37,20,1200,3,0,307.1749878,306.250274658203
4/5/2017 8:00:00 PM,46,44,20,1200,4,0,602.5,586.715698242188
4/24/2017 9:00:00 PM,54,48,21,1260,2,0,391.5,379.600830078125
4/29/2017 11:00:00 AM,79,68,11,660,7,1,472.7999878,521.098022460938
6/5/2017 2:00:00 AM,59,58,2,120,2,0,309.2999878,322.168029785156
9/26/2017 4:00:00 AM,68,66,4,240,3,0,407.5,388.991485595703
1/10/2017 1:00:00 AM,22,19,1,60,3,0,266.7749939,285.279449462891
5/10/2017 7:00:00 AM,52,45,7,420,4,0,449.9945068,448.370758056641
1/6/2017 4:00:00 PM,32,25,16,960,6,0,335.4750061,323.600158691406
4/25/2017 5:00:00 AM,50,49,5,300,3,0,309.5,307.892974853516
6/25/2017 9:00:00 AM,77,63,9,540,1,1,368.1000061,377.017150878906
4/11/2017 11:00:00 AM,76,60,11,660,3,0,493.5,489.246185302734
9/15/2017 8:00:00 PM,76,69,20,1200,6,0,532.7349243,526.178039550781
8/18/2017 3:00:00 AM,76,73,3,180,6,0,762.2000122,765.44140625
8/6/2017 2:00:00 AM,67,58,2,120,1,1,694.4299927,690.667114257813
3/1/2017 5:00:00 PM,69,63,17,1020,4,0,402.4750061,431.203094482422
4/4/2017 2:00:00 PM,46,45,14,840,3,0,625.9000244,562.757507324219
10/22/2017 5:00:00 PM,67,59,17,1020,1,1,450.456604,431.983337402344
3/10/2017 12:00:00 PM,32,32,12,720,6,0,343.75,339.552459716797
11/14/2017 7:00:00 PM,43,39,19,1140,3,0,379.8999939,332.009918212891
3/20/2017 3:00:00 PM,50,36,15,900,2,0,525.125,531.778625488281
10/16/2017 12:00:00 AM,69,66,0,0,2,0,443.628418,452.216583251953
12/5/2017 10:00:00 AM,55,52,10,600,3,0,372.4920959,372.538635253906
4/16/2017 6:00:00 PM,81,64,18,1080,1,1,461,481.548767089844
11/13/2017 3:00:00 PM,47,43,15,900,2,0,373.8999939,396.675415039063
10/17/2017 4:00:00 AM,44,39,4,240,3,0,276.6800232,266.141937255859
5/30/2017 10:00:00 AM,59,56,10,600,3,0,352.7000122,371.065704345703
8/22/2017 11:00:00 AM,84,76,11,660,3,0,795,814.74267578125
4/5/2017 1:00:00 AM,45,45,1,60,4,0,538.2399902,564.675415039063
4/25/2017 4:00:00 AM,50,49,4,240,3,0,302.6000061,292.128173828125
11/30/2017 12:00:00 AM,43,36,0,0,5,0,280.4532166,302.839019775391
6/3/2017 8:00:00 PM,70,54,20,1200,7,1,316.2999878,323.429901123047
8/7/2017 3:00:00 PM,65,64,15,900,2,0,647.3256836,652.084411621094
9/12/2017 4:00:00 AM,60,56,4,240,3,0,354,362.274719238281
7/7/2017 5:00:00 AM,70,69,5,300,6,0,649.0999756,668.376525878906
1/17/2017 2:00:00 AM,40,35,2,120,3,0,251.5,260.155639648438
11/19/2017 10:00:00 AM,51,43,10,600,1,1,252.1999969,258.608428955078
5/26/2017 8:00:00 PM,70,60,20,1200,6,0,301.1000061,321.775909423828
11/26/2017 8:00:00 AM,45,39,8,480,1,1,256.2510071,269.821868896484
8/23/2017 2:00:00 AM,73,72,2,120,4,0,727.7999878,700.641845703125
4/17/2017 9:00:00 PM,63,47,21,1260,2,0,459.7999878,467.122100830078
1/6/2017 3:00:00 PM,32,25,15,900,6,0,337.0499878,321.812744140625
1/15/2017 5:00:00 PM,37,31,17,1020,1,1,253.7250061,255.403839111328
5/15/2017 12:00:00 AM,53,47,0,0,2,0,404.6034546,391.9443359375
7/19/2017 1:00:00 PM,91,72,13,780,4,0,860.6712646,867.796447753906
11/20/2017 7:00:00 AM,37,33,7,420,2,0,334.0441589,325.277282714844
8/9/2017 3:00:00 AM,68,62,3,180,4,0,622.6337891,648.049865722656
10/21/2017 6:00:00 PM,66,53,18,1080,7,1,434.7044373,438.613677978516
1/7/2017 11:00:00 AM,20,19,11,660,7,1,303.1749878,306.583374023438
6/10/2017 10:00:00 AM,77,64,10,600,7,1,446.7000122,430.043182373047
7/21/2017 9:00:00 PM,86,73,21,1260,6,0,776.2000122,783.011657714844
11/25/2017 7:00:00 PM,56,46,19,1140,7,1,305.0730286,320.497650146484
10/9/2017 12:00:00 PM,73,72,12,720,2,0,664.4375,620.187622070313
8/19/2017 9:00:00 AM,79,70,9,540,7,1,796.9000244,783.266723632813
1/14/2017 7:00:00 PM,31,30,19,1140,7,1,251.25,254.511428833008
9/1/2017 3:00:00 AM,60,53,3,180,6,0,397.7999878,390.438629150391
5/24/2017 4:00:00 AM,59,54,4,240,4,0,277.6000061,308.218475341797
4/5/2017 5:00:00 AM,46,45,5,300,4,0,493.2999878,489.847595214844
7/15/2017 1:00:00 AM,69,68,1,60,7,1,785.039978,796.133056640625
11/3/2017 5:00:00 AM,63,61,5,300,6,0,297.1000061,309.607391357422
6/15/2017 4:00:00 AM,66,60,4,240,5,0,356.7999878,354.749176025391
11/2/2017 11:00:00 AM,68,63,11,660,5,0,376.5,414.177581787109
6/6/2017 3:00:00 AM,56,55,3,180,3,0,506.1000061,492.017791748047
9/5/2017 2:00:00 AM,70,65,2,120,3,0,578.2000122,555.771789550781
11/3/2017 8:00:00 AM,64,61,8,480,6,0,321,332.720550537109
10/15/2017 11:00:00 AM,70,66,11,660,1,1,410.2799988,429.037017822266
4/8/2017 11:00:00 PM,49,38,23,1380,7,1,285.7000122,273.84033203125
10/8/2017 7:00:00 AM,74,70,7,420,1,1,461.2250061,428.462524414063
3/20/2017 8:00:00 PM,48,37,20,1200,2,0,514.0499878,498.254333496094
11/28/2017 3:00:00 AM,38,33,3,180,3,0,282.7799988,265.431823730469
3/29/2017 5:00:00 AM,45,42,5,300,4,0,420.6000061,372.153472900391
6/25/2017 10:00:00 PM,78,62,22,1320,1,1,626.0999756,443.909301757813
3/21/2017 7:00:00 PM,55,42,19,1140,3,0,449.2999878,460.366027832031
9/10/2017 4:00:00 AM,58,54,4,240,1,1,289,310.608795166016
1/27/2017 1:00:00 AM,41,35,1,60,6,0,267.1333313,254.756927490234
8/30/2017 9:00:00 AM,66,59,9,540,4,0,621.0999756,619.330871582031
6/30/2017 4:00:00 AM,74,67,4,240,6,0,619.4000244,675.297729492188
5/29/2017 10:00:00 AM,57,56,10,600,2,0,304.1000061,322.680938720703
3/29/2017 6:00:00 AM,44,41,6,360,4,0,396.6749878,379.403503417969
5/24/2017 9:00:00 PM,60,55,21,1260,4,0,352.3999939,319.055114746094
6/17/2017 11:00:00 AM,72,68,11,660,7,1,394.3999939,412.546966552734
8/23/2017 11:00:00 PM,72,61,23,1380,4,0,625.7000122,643.381652832031
11/11/2017 1:00:00 AM,25,21,1,60,7,1,297.7999878,274.332427978516
8/2/2017 3:00:00 PM,78,74,15,900,4,0,862.0999756,835.804565429688
8/5/2017 4:00:00 AM,74,73,4,240,7,1,759.197998,744.2470703125
6/2/2017 10:00:00 AM,70,57,10,600,6,0,441,429.513793945313
11/12/2017 11:00:00 AM,40,32,11,660,1,1,274.7999878,277.072448730469
7/5/2017 8:00:00 PM,74,61,20,1200,4,0,660,624.634094238281
6/22/2017 7:00:00 PM,79,69,19,1140,5,0,435.3999939,444.259307861328
6/3/2017 2:00:00 PM,70,54,14,840,7,1,431.7000122,381.441864013672
8/4/2017 6:00:00 AM,76,71,6,360,6,0,688.4000244,698.420349121094
11/6/2017 11:00:00 PM,48,43,23,1380,2,0,359.6000061,375.558166503906
4/12/2017 6:00:00 AM,58,54,6,360,4,0,296.2999878,291.965454101563
9/30/2017 1:00:00 PM,64,55,13,780,7,1,321.1000061,304.463836669922
10/14/2017 9:00:00 AM,64,63,9,540,7,1,290.6000061,316.546691894531
8/16/2017 3:00:00 PM,85,70,15,900,4,0,778.0999756,788.504028320313
3/30/2017 5:00:00 PM,47,39,17,1020,5,0,550.875,530.313293457031
9/11/2017 4:00:00 AM,57,53,4,240,2,0,305,352.832061767578
6/6/2017 1:00:00 PM,55,54,13,780,3,0,578.9000244,604.038879394531
9/21/2017 5:00:00 PM,79,67,17,1020,5,0,536.4000244,487.328826904297
9/14/2017 1:00:00 AM,71,69,1,60,5,0,505.5,489.609588623047
8/25/2017 6:00:00 AM,64,59,6,360,6,0,572.5999756,576.018310546875
8/23/2017 8:00:00 PM,76,62,20,1200,4,0,629.2999878,664.743591308594
11/5/2017 2:00:00 PM,57,56,14,840,1,1,345.3999939,347.229919433594
10/12/2017 9:00:00 PM,57,51,21,1260,5,0,443.2000122,421.398315429688
3/16/2017 3:00:00 AM,25,21,3,180,5,0,444.0499878,449.917114257813
1/17/2017 9:00:00 AM,42,36,9,540,3,0,324.8500061,297.134002685547
8/24/2017 8:00:00 PM,73,60,20,1200,5,0,620.9000244,617.165954589844
3/15/2017 10:00:00 AM,23,19,10,600,4,0,517.4249878,518.357238769531
6/13/2017 11:00:00 AM,92,74,11,660,3,0,645,657.961303710938
4/22/2017 3:00:00 AM,50,49,3,180,7,1,277.5,275.30029296875
7/5/2017 11:00:00 PM,73,64,23,1380,4,0,655.9000244,667.143188476563
6/15/2017 4:00:00 PM,72,60,16,960,5,0,438.6000061,448.203491210938
8/25/2017 3:00:00 PM,76,62,15,900,6,0,613.2000122,644.237670898438
11/12/2017 10:00:00 PM,43,38,22,1320,1,1,306.8999939,298.224548339844
9/29/2017 11:00:00 AM,63,53,11,660,6,0,309.8999939,451.806884765625
9/10/2017 10:00:00 AM,66,57,10,600,1,1,406.5,360.645324707031
7/2/2017 3:00:00 PM,86,70,15,900,1,1,682.7874756,696.926330566406
1/28/2017 9:00:00 AM,35,30,9,540,7,1,283.5,285.372253417969
8/31/2017 8:00:00 PM,71,60,20,1200,5,0,434.1749878,453.646118164063
1/25/2017 12:00:00 AM,37,34,0,0,4,0,288.75,293.246368408203
11/29/2017 5:00:00 PM,55,42,17,1020,4,0,382.8607483,394.648712158203
3/23/2017 2:00:00 AM,23,18,2,120,5,0,465.2749939,466.154632568359
1/23/2017 11:00:00 AM,40,36,11,660,2,0,329.2999878,347.336120605469
4/7/2017 1:00:00 PM,47,41,13,780,6,0,572.8250122,424.82275390625
4/15/2017 10:00:00 AM,60,48,10,600,7,1,322.3999939,291.959503173828
9/19/2017 5:00:00 PM,70,68,17,1020,3,0,511.7760925,518.206665039063
6/22/2017 11:00:00 PM,80,73,23,1380,5,0,473.6000061,479.346740722656
3/24/2017 9:00:00 PM,54,44,21,1260,6,0,471.4249878,462.119750976563
3/11/2017 5:00:00 PM,26,21,17,1020,7,1,300.2749939,302.002990722656
10/11/2017 7:00:00 AM,68,60,7,420,4,0,374.7000122,374.415161132813
10/15/2017 11:00:00 PM,69,66,23,1380,1,1,437.194458,434.240509033203
5/25/2017 10:00:00 PM,57,56,22,1320,5,0,303.1000061,326.664398193359
3/12/2017 5:00:00 AM,20,16,5,300,1,1,273.7250061,286.174896240234
11/11/2017 5:00:00 PM,35,27,17,1020,7,1,338.2000122,325.403411865234
1/17/2017 1:00:00 PM,40,39,13,780,3,0,390.1749878,396.456359863281
9/6/2017 5:00:00 AM,70,66,5,300,4,0,564.2999878,568.077026367188
7/25/2017 4:00:00 AM,63,61,4,240,3,0,575.0999756,555.181701660156
4/28/2017 1:00:00 AM,58,57,1,60,6,0,415.5,392.193481445313
6/17/2017 1:00:00 PM,70,69,13,780,7,1,408.2999878,411.266021728516
10/8/2017 8:00:00 PM,77,72,20,1200,1,1,550.2750244,548.438537597656
10/6/2017 5:00:00 AM,69,66,5,300,6,0,435.1000061,434.506866455078
8/31/2017 6:00:00 PM,74,61,18,1080,5,0,452.5,526.183776855469
9/12/2017 2:00:00 PM,77,64,14,840,3,0,500,496.686950683594
4/29/2017 5:00:00 PM,82,67,17,1020,7,1,512,510.735595703125
5/16/2017 3:00:00 AM,59,51,3,180,3,0,393.7578125,390.631103515625
6/26/2017 10:00:00 AM,73,60,10,600,2,0,629.4000244,578.633850097656
10/20/2017 3:00:00 PM,73,52,15,900,6,0,522.8070068,498.092071533203
4/16/2017 1:00:00 AM,61,58,1,60,1,1,325,326.595581054688
7/12/2017 1:00:00 PM,86,74,13,780,4,0,748.7999878,741.908325195313
9/7/2017 5:00:00 PM,70,60,17,1020,5,0,677.2000122,688.101501464844
1/11/2017 11:00:00 PM,46,45,23,1380,4,0,297.6000061,297.603729248047
3/11/2017 1:00:00 AM,22,17,1,60,7,1,278.5499878,275.288208007813
9/9/2017 9:00:00 AM,61,54,9,540,7,1,371.8999939,351.139953613281
5/11/2017 8:00:00 PM,53,47,20,1200,5,0,435.1319275,432.0556640625
11/17/2017 8:00:00 AM,40,34,8,480,6,0,261.8999939,323.865173339844
9/7/2017 12:00:00 AM,62,61,0,0,5,0,636.0999756,626.259399414063
9/4/2017 4:00:00 AM,62,59,4,240,2,0,529.0499878,542.298828125
6/6/2017 5:00:00 PM,56,53,17,1020,3,0,561.2999878,579.754089355469
11/22/2017 9:00:00 AM,48,47,9,540,4,0,339.4173279,347.204681396484
3/29/2017 10:00:00 PM,44,36,22,1320,4,0,480.8250122,478.609527587891
7/20/2017 3:00:00 AM,81,74,3,180,5,0,859.5,870.869201660156
7/27/2017 2:00:00 AM,66,62,2,120,5,0,623.7999878,622.981994628906
7/19/2017 11:00:00 AM,88,71,11,660,4,0,859.2706909,871.952697753906
9/20/2017 10:00:00 AM,75,69,10,600,4,0,511.1000061,499.663391113281
7/24/2017 8:00:00 PM,66,62,20,1200,2,0,629.4000244,632.252319335938
11/17/2017 12:00:00 AM,44,40,0,0,6,0,285.7999878,404.228759765625
1/20/2017 10:00:00 PM,41,41,22,1320,6,0,279.25,276.374114990234
12/3/2017 11:00:00 AM,47,43,11,660,1,1,267.3568726,268.523315429688
5/31/2017 4:00:00 PM,75,66,16,960,4,0,481.6000061,448.494506835938
5/9/2017 4:00:00 AM,47,42,4,240,3,0,451.2999878,449.039916992188
6/17/2017 7:00:00 AM,68,66,7,420,7,1,331.5,339.587158203125
9/4/2017 3:00:00 AM,62,59,3,180,2,0,529.8250122,524.899597167969
2/28/2017 6:00:00 PM,52,51,18,1080,3,0,393.3999939,377.826080322266
9/15/2017 5:00:00 PM,77,69,17,1020,6,0,533.4110107,520.719177246094
9/20/2017 2:00:00 PM,78,70,14,840,4,0,545.7999878,565.041076660156
11/30/2017 6:00:00 PM,47,43,18,1080,5,0,397.9042053,382.253784179688
3/11/2017 3:00:00 PM,27,21,15,900,7,1,298.9500122,301.333068847656
4/15/2017 2:00:00 PM,63,52,14,840,7,1,368.3999939,331.347503662109
3/9/2017 3:00:00 AM,53,40,3,180,5,0,261.2999878,245.817123413086
10/27/2017 5:00:00 PM,58,50,17,1020,6,0,379.507019,363.143402099609
5/25/2017 7:00:00 AM,56,55,7,420,5,0,365.7000122,403.029937744141
7/8/2017 9:00:00 PM,77,66,21,1260,7,1,668,681.621765136719
1/25/2017 2:00:00 PM,46,40,14,840,4,0,342.7250061,355.765411376953
8/6/2017 6:00:00 AM,64,57,6,360,1,1,682.6539917,660.839416503906
6/7/2017 8:00:00 PM,62,55,20,1200,4,0,321.5,326.533264160156
10/8/2017 6:00:00 PM,76,73,18,1080,1,1,553.4499512,549.292602539063
1/12/2017 12:00:00 AM,46,46,0,0,5,0,298.1749878,292.294586181641
7/4/2017 4:00:00 PM,80,69,16,960,3,0,657.3300171,667.871337890625
5/5/2017 10:00:00 AM,53,52,10,600,6,0,451.2999878,442.621459960938
1/8/2017 6:00:00 PM,22,17,18,1080,1,1,298.4750061,283.554351806641
4/29/2017 9:00:00 PM,75,64,21,1260,7,1,482.6000061,471.471740722656
10/30/2017 4:00:00 PM,55,45,16,960,2,0,398.2999878,397.371704101563
6/20/2017 3:00:00 PM,82,65,15,900,3,0,509.7000122,506.62353515625
10/13/2017 7:00:00 PM,63,59,19,1140,6,0,358.7000122,374.705780029297
6/15/2017 10:00:00 PM,65,59,22,1320,5,0,391.2000122,381.894317626953
10/23/2017 10:00:00 PM,69,66,22,1320,2,0,508.0585938,509.171905517578
8/5/2017 2:00:00 PM,76,68,14,840,7,1,729.7579956,708.176818847656
4/7/2017 7:00:00 AM,46,41,7,420,6,0,463.25,458.363739013672
5/10/2017 9:00:00 AM,58,48,9,540,4,0,449.1911011,428.177062988281
12/4/2017 5:00:00 AM,41,40,5,300,2,0,274.7893372,261.934967041016
7/12/2017 9:00:00 PM,83,75,21,1260,4,0,748.7999878,751.427673339844
5/25/2017 7:00:00 PM,57,56,19,1140,5,0,330.5,330.452362060547
10/19/2017 12:00:00 AM,61,54,0,0,5,0,333.4320068,381.429840087891
7/4/2017 3:00:00 AM,73,66,3,180,3,0,655.5062256,649.662414550781
3/27/2017 9:00:00 AM,40,40,9,540,2,0,494.0249939,508.297271728516
12/4/2017 10:00:00 AM,47,44,10,600,2,0,356.8177185,375.767456054688
9/13/2017 10:00:00 PM,72,70,22,1320,4,0,546.0999756,540.134887695313
5/10/2017 3:00:00 AM,51,47,3,180,4,0,451.2999878,459.579559326172
3/15/2017 6:00:00 PM,26,21,18,1080,4,0,517.2750244,519.090942382813
5/14/2017 4:00:00 AM,46,45,4,240,1,1,412.6372681,416.315063476563
12/5/2017 3:00:00 AM,51,46,3,180,3,0,265.2149048,275.831695556641
9/13/2017 4:00:00 AM,64,60,4,240,4,0,367.5,349.907196044922
9/20/2017 8:00:00 AM,73,67,8,480,4,0,426.1000061,482.772430419922
10/21/2017 3:00:00 AM,59,49,3,180,7,1,294.231842,276.393737792969
1/19/2017 8:00:00 PM,43,38,20,1200,5,0,315.2749939,296.664459228516
3/1/2017 10:00:00 AM,59,57,10,600,4,0,382.125,374.940734863281
9/11/2017 9:00:00 PM,68,57,21,1260,2,0,437,431.362670898438
7/15/2017 3:00:00 PM,82,69,15,900,7,1,794.8440552,801.24755859375
9/3/2017 11:00:00 AM,64,63,11,660,1,1,567.6749878,553.616333007813
5/5/2017 3:00:00 PM,57,57,15,900,6,0,451.2999878,464.613403320313
8/6/2017 11:00:00 AM,71,61,11,660,1,1,667.934021,662.131042480469
6/27/2017 6:00:00 AM,61,60,6,360,3,0,409.5,417.438781738281
10/19/2017 4:00:00 PM,69,55,16,960,5,0,512.4716797,526.896179199219
10/29/2017 5:00:00 PM,64,64,17,1020,1,1,459.2000122,479.545867919922
4/12/2017 12:00:00 AM,62,56,0,0,4,0,426.7000122,445.342041015625
10/27/2017 2:00:00 AM,49,44,2,120,6,0,320.2171021,325.573669433594
11/2/2017 4:00:00 AM,61,60,4,240,5,0,287.1000061,304.542877197266
8/29/2017 11:00:00 AM,68,63,11,660,3,0,649.5,638.453674316406
3/18/2017 9:00:00 AM,35,30,9,540,7,1,460.125,436.450866699219
4/6/2017 8:00:00 AM,41,40,8,480,5,0,495.9750061,490.863830566406
10/18/2017 1:00:00 PM,69,56,13,780,4,0,419.6182251,382.774536132813
9/25/2017 3:00:00 PM,86,72,15,900,2,0,617.2000122,621.075439453125
5/8/2017 4:00:00 AM,45,41,4,240,2,0,451.2999878,450.072052001953
10/16/2017 6:00:00 PM,55,46,18,1080,2,0,366.5137939,382.044586181641
1/21/2017 12:00:00 AM,41,40,0,0,7,1,281.4750061,272.550750732422
7/11/2017 4:00:00 PM,84,73,16,960,3,0,748.7999878,749.657470703125
6/28/2017 5:00:00 PM,77,61,17,1020,4,0,513.4000244,540.785522460938
3/3/2017 11:00:00 AM,34,26,11,660,6,0,409.5750122,392.565307617188
1/21/2017 12:00:00 PM,43,42,12,720,7,1,287.6000061,301.699432373047
3/30/2017 12:00:00 PM,49,39,12,720,5,0,551.6500244,523.040405273438
3/22/2017 2:00:00 PM,33,24,14,840,4,0,541.5499878,535.560424804688
8/7/2017 8:00:00 AM,70,66,8,480,2,0,647.6555176,650.640808105469
8/6/2017 3:00:00 PM,75,62,15,900,1,1,656.15802,641.710327148438
6/1/2017 5:00:00 PM,77,61,17,1020,5,0,451.3999939,464.672393798828
4/30/2017 12:00:00 AM,68,59,0,0,1,1,347.5,373.731536865234
5/16/2017 8:00:00 AM,62,53,8,480,3,0,391.7493591,372.663665771484
1/22/2017 7:00:00 PM,46,45,19,1140,1,1,283.6499939,289.625854492188
5/1/2017 12:00:00 AM,52,49,0,0,2,0,354.3999939,377.924468994141
7/18/2017 12:00:00 AM,77,73,0,0,3,0,834.7605591,844.004699707031
3/27/2017 11:00:00 AM,45,44,11,660,2,0,533.2999878,559.863647460938
3/4/2017 2:00:00 PM,30,23,14,840,7,1,308.5750122,302.143768310547
8/20/2017 8:00:00 PM,77,65,20,1200,1,1,700.7999878,692.368957519531
6/11/2017 1:00:00 PM,89,70,13,780,1,1,487.7999878,511.727233886719
5/1/2017 9:00:00 PM,67,62,21,1260,2,0,487.6000061,509.722503662109
8/24/2017 3:00:00 PM,77,61,15,900,5,0,661.0999756,694.417785644531
7/14/2017 7:00:00 AM,65,64,7,420,6,0,772.4347534,717.146484375
1/1/2017 11:00:00 AM,45,37,11,660,1,1,440.0499878,426.511444091797
5/14/2017 7:00:00 AM,48,46,7,420,1,1,411.4321899,397.950836181641
10/6/2017 4:00:00 PM,78,66,16,960,6,0,510.7999878,531.356750488281
8/1/2017 12:00:00 AM,76,68,0,0,3,0,689.7999878,704.149719238281
11/1/2017 1:00:00 PM,54,47,13,780,4,0,394.3999939,347.938293457031
4/17/2017 10:00:00 AM,67,54,10,600,2,0,450.6000061,612.600036621094
5/5/2017 1:00:00 PM,52,52,13,780,6,0,451.2999878,448.664215087891
10/22/2017 10:00:00 PM,63,58,22,1320,1,1,431.2010193,430.132049560547
1/24/2017 5:00:00 AM,36,36,5,300,3,0,277.5249939,270.602355957031
9/30/2017 8:00:00 AM,58,53,8,480,7,1,296.8999939,288.981506347656
1/15/2017 4:00:00 AM,31,29,4,240,1,1,249.8999939,231.129684448242
4/25/2017 4:00:00 PM,53,52,16,960,3,0,423.6000061,415.622039794922
7/16/2017 2:00:00 PM,84,71,14,840,1,1,810.9506836,797.248718261719
1/17/2017 6:00:00 PM,39,38,18,1080,3,0,333.3250122,352.238098144531
3/1/2017 12:00:00 AM,54,51,0,0,4,0,312.9500122,316.638793945313
1/14/2017 9:00:00 AM,29,24,9,540,7,1,290.0249939,283.959991455078
7/29/2017 11:00:00 AM,70,61,11,660,7,1,617.9000244,613.549438476563
9/9/2017 1:00:00 PM,69,58,13,780,7,1,384.6000061,422.024444580078
12/6/2017 6:00:00 AM,50,41,6,360,4,0,263.8408508,262.357727050781
3/29/2017 8:00:00 AM,45,42,8,480,4,0,406.1749878,400.74365234375
5/24/2017 12:00:00 PM,66,58,12,720,4,0,384,371.092529296875
7/11/2017 3:00:00 PM,84,74,15,900,3,0,748.7999878,749.674926757813
1/24/2017 9:00:00 AM,35,35,9,540,3,0,302.2749939,304.502868652344
9/1/2017 10:00:00 AM,63,51,10,600,6,0,397.0249939,437.000946044922
11/20/2017 7:00:00 PM,44,37,19,1140,2,0,321.7186584,309.593353271484
3/8/2017 1:00:00 PM,56,42,13,780,4,0,333.4500122,367.541107177734
8/10/2017 4:00:00 AM,70,64,4,240,5,0,497.2459412,506.565490722656
4/18/2017 6:00:00 AM,51,43,6,360,3,0,305.5,382.960205078125
3/6/2017 4:00:00 AM,27,21,4,240,2,0,280.3250122,277.797760009766
5/6/2017 2:00:00 PM,62,57,14,840,7,1,451.2999878,438.762512207031
6/6/2017 5:00:00 AM,57,55,5,300,3,0,448.7999878,495.603485107422
5/3/2017 4:00:00 AM,60,49,4,240,4,0,451.2999878,442.862609863281
7/1/2017 11:00:00 AM,82,74,11,660,7,1,813.0376587,808.59228515625
8/23/2017 7:00:00 AM,74,71,7,420,4,0,704,698.063354492188
7/13/2017 7:00:00 PM,79,73,19,1140,5,0,764.031311,758.693664550781
8/6/2017 5:00:00 PM,73,63,17,1020,1,1,652.5541992,658.498291015625
4/15/2017 6:00:00 PM,60,55,18,1080,7,1,367.2999878,380.964416503906
